Nom,Catégorie,Site,Locus,Chronologie,Divinités,Épithètes,Iconographie,"Répertoire textuel ",Roi,Dynastie,"Lexique ""Désert""",Titres de particuliers,Type de sacralisation,Type d'écriture,"Bibliographie ",Commentaire,Matière,Conservation,"Dimensions (H, l, ép.)",Technique,Type de cintrage,Important
SEH 2,Inscription rupestre,Séhel,Bibi togog ouest,Ancien Empire,,,,"Auto-présentation (avec/sans filiation), Signature",,IVe - Ve dynastie,,Le directeur de (la forteresse) d’Éléphantine,,Hiéroglyphes,Les inscriptions de Séhel,,,,h. 33cm ; l. 71cm,Piquetage,,
SEH 3,Inscription rupestre,Séhel,Bibi togog ouest,Ancien Empire,,,,"Auto-présentation (avec/sans filiation), Signature",Pépy I,VIe dynastie,,"Prince ; prince héréditaire ; chancelier du roi de basse-Égypte ; ami unique ; prêtre lecteur ",,Hiéroglyphes,Les inscriptions de Séhel,,,,h. 30cm ; l. 150cm,Piquetage,,
SEH 4,Inscription rupestre,Séhel,Bibi togog ouest,Ancien Empire,,,,"Auto-présentation (avec/sans filiation), Signature",Pépy I,VIe dynastie,,Prince ; prêtre-lecteur ; ami unique,,Hiéroglyphes,Les inscriptions de Séhel,,,,h. 36cm ; l. 107cm,Piquetage,,
SEH 5,Inscription rupestre,Séhel,Bibi togog ouest,Ancien Empire,,,,"Auto-présentation (avec/sans filiation), Inscription d'expédition, Signature",Pépy II,VIe dynastie,,,,Hiéroglyphes,Les inscriptions de Séhel,,,,h. 123cm ; l. 103cm,Piquetage,,
SEH 6,Inscription rupestre,Séhel,Bibi togog ouest,Ancien Empire,,,,"Auto-présentation (avec/sans filiation), Signature",Pépy II,VIe dynastie,,"Prince ; chancelier du roi de Basse-Égypte ; prêtre lecteur ; ami unique ",,Hiéroglyphes,Les inscriptions de Séhel,,,,h. 85cm ; l. 65cm,Piquetage,,
SEH 7,Inscription rupestre,Séhel,Bibi togog ouest,Ancien Empire,,,,"Auto-présentation (avec/sans filiation), Signature",Pépy II,VIe dynastie,,Chancelier du roi de basse-Égypte ; prêtre lecteur ; ami unique,,Hiéroglyphes,Les inscriptions de Séhel,,,,h. 22cm ; l. 71cm,Piquetage,,
SEH 8,Inscription rupestre,Séhel,Bibi togog ouest,Ancien Empire,,,,"Auto-présentation (avec/sans filiation), Signature",Pépy II,VIe dynastie,,"Prince ; chancelier du roi de Basse-Égypte ; prêtre lecteur ; ami unique ",,Hiéroglyphes,Les inscriptions de Séhel,,,,h. 56cm ; l. 201cm,Piquetage,,
SEH 9,Inscription rupestre,Séhel,Bibi togog ouest,Ancien Empire,,,,"Auto-présentation (avec/sans filiation), Signature",Pépy II,VIe dynastie,,Prince ; prêtre lecteur ; ami unique,,Hiéroglyphes,Les inscriptions de Séhel,,,,h. 54cm ; l. 8cm,Piquetage,,
SEH 10,Inscription rupestre,Séhel,Bibi togog ouest,Ancien Empire,,,,"Auto-présentation (avec/sans filiation), Inscription d'expédition, Signature",Pépy II,VIe dynastie,,Le dignitaire du roi ; chef des auxiliaires nubiens ; chancelier du roi de Basse-Égypte ; ami unique ; prêtre-lecteur ; juge ; scribe ; capitaine de navire,,Hiéroglyphes,Les inscriptions de Séhel,,,,h. 93cm ; l. 104cm,Piquetage,,
SEH 11,Inscription rupestre,Séhel,Bibi togog ouest,Ancien Empire,,,,"Auto-présentation (avec/sans filiation), Inscription d'expédition, Signature",Pépy II,VIe dynastie,,Commandant des auxiliaires nubiens ; juge ; directeur des scribes,,Hiéroglyphes,Les inscriptions de Séhel,"Plusieurs textes gravés très près les uns des autres et se chevauchant parfois. Deux sont lisibles. À gauche de ces inscriptions, deux groupes de signes incompréhensibles.",,,"(I) h. 6cm ; l. 53cm
(II) h. 20cm ; l. 62cm",Piquetage,,
SEH 12,Inscription rupestre,Séhel,Bibi togog ouest,Ancien Empire,,,"À gauche, un homme debout tourné vers la droite et tenant de la main gauche un bâton de dignitaire.","Auto-présentation (avec/sans filiation), Iconographie, Signature",Pépy II,VIe dynastie,,chef des scribes des équipages ; supérieur des secrets de toutes les affaires,,Hiéroglyphes,Les inscriptions de Séhel,,,,h. 137cm ; l. 76cm,Piquetage,,
SEH 13,Inscription rupestre,Séhel,Bibi togog ouest,Ancien Empire,,,,"Auto-présentation (avec/sans filiation), Signature",Pépy II,VIe dynastie,,serviteur du roi ; directeur des scribes des équipages ; capitaine du navire ; directeur des scribes,,Hiéroglyphes,Les inscriptions de Séhel,Un père portant des titres importants accompagné de son fils sans titre.,,,h. 93cm ; l. 104cm,Piquetage,,
SEH 14,Inscription rupestre,Séhel,Hussein togog est,Ancien Empire,,,"Une série de quatre personnages tournés vers la droite. Le premier et le dernier homme tiennent de la main gauche un bâton de dignitaire ; le dernier tient également, de la main droite, une pièce d'étoffe.","Auto-présentation (avec/sans filiation), Iconographie, Signature",Pépy II,VIe dynastie,,digniteur du roi ; chef des auxiliaires nubiens,,Hiéroglyphes,Les inscriptions de Séhel,,,,h. 70cm ; l. 101cm,Piquetage,,
SEH 15,Inscription rupestre,Séhel,Bibi togog ouest,Ancien Empire,,,,"Auto-présentation (avec/sans filiation), Signature",,VIe dynastie,,ami unique,,Hiéroglyphes,Les inscriptions de Séhel,,,,h. 26cm ; l. 36cm,Piquetage,,
SEH 16,Inscription rupestre,Séhel,Bibi togog ouest,Ancien Empire,,,,"Auto-présentation (avec/sans filiation), Signature",,VIe dynastie,ḫȝs.wt (pays étrangers),ami unique ; prince héréditaire ; chancelier du roi de Basse-Égypte ; prêtre-lecteur ; directeur des pays étrangers,,Hiéroglyphes,Les inscriptions de Séhel,,,,h. 24cm ; l. 136cm,Piquetage,,
SEH 17,Inscription rupestre,Séhel,Bibi togog ouest,Ancien Empire,,,,"Auto-présentation (avec/sans filiation), Signature",,VIe dynastie,,ami unique ; prince ; prêtre-lecteur ;,,Hiéroglyphes,Les inscriptions de Séhel,,,,h. 27cm ; l. 117cm,Piquetage,,
SEH 18,Inscription rupestre,Séhel,Bibi togog ouest,Ancien Empire,,,,"Auto-présentation (avec/sans filiation), Signature",,VIe dynastie,,prince ;,,Hiéroglyphes,Les inscriptions de Séhel,,,,h. 27cm ; l. 95cm,Piquetage,,
SEH 19,Inscription rupestre,Séhel,Bibi togog ouest,Ancien Empire,,,,"Auto-présentation (avec/sans filiation), Signature",,,,Prince ; prêtre lecteur ; ami unique,,Hiéroglyphes,Les inscriptions de Séhel,,,,h. 27 cm ; l. 95 cm,Piquetage,,
SEH 20,Inscription rupestre,Séhel,Bibi togog ouest,Ancien Empire,,,"En dessous et à gauche du texte, un homme debout tourné vers la droite. Devant lui une forme non identifié.","Auto-présentation (avec/sans filiation), Iconographie, Signature",,,,serviteur du roi ; ami unique ; directeur […],,Hiéroglyphes,Les inscriptions de Séhel,,,,h. 53 cm ; l. 70 cm,Piquetage,,
SEH 21,Inscription rupestre,Séhel,Bibi togog ouest,Ancien Empire,,,,"Auto-présentation (avec/sans filiation), Signature",,,,,,Hiéroglyphes,Les inscriptions de Séhel,,,,h. 33 cm ; l. 16 cm,Piquetage,,
SEH 22,Inscription rupestre,Séhel,Bibi togog ouest,Ancien Empire,,,À gauche deux hommes debout tournés vers la droite ; celui de droite présente un pain d’offrande.,"Auto-présentation (avec/sans filiation), Iconographie, Signature",,,,Ami unique,,Hiéroglyphes,Les inscriptions de Séhel,,,,h. 17 cm ; l. 127 cm,Piquetage,,
SEH 23,Inscription rupestre,Séhel,Bibi togog ouest,Ancien Empire,,,,"Auto-présentation (avec/sans filiation), Signature",,6,,Ami unique,,Hiéroglyphes,Les inscriptions de Séhel,,,,h. 6 cm ; l. 8 cm,Piquetage,,
SEH 24,Inscription rupestre,Séhel,Bibi togog ouest,Ancien Empire,,,,"Auto-présentation (avec/sans filiation), Signature",Pépy I,VIe dynastie,,Dignitaire du roi ; chef des auxiliaires nubiens,,Hiéroglyphes,Les inscriptions de Séhel,,,,h. 63 cm ; l. 25 cm,Piquetage,,
SEH 25,Inscription rupestre,Séhel,Bibi togog ouest,Ancien Empire,,,,"Auto-présentation (avec/sans filiation), Signature",,VIe dynastie,,Dignitaire du roi ; chef des auxiliaires nubiens ; serviteur du roi,,Hiéroglyphes,Les inscriptions de Séhel,,,,h. 20 cm ; l. 40 cm,Piquetage,,
SEH 26,Inscription rupestre,Séhel,Bibi togog ouest,Ancien Empire,,,"À gauche du texte un homme debout tourné vers la droite et tenant de la main gauche un bâton de dignitaire. Derrière lui, une forme qui évoque la silhouette d’un animal, probablement une girafe.","Auto-présentation (avec/sans filiation), Iconographie, Signature",,VIe dynastie,,Dignitaire du roi,,Hiéroglyphes,Les inscriptions de Séhel,,,,h. 42 cm ; l. 57 cm,Piquetage,,
SEH 27,Inscription rupestre,Séhel,Bibi togog ouest,Ancien Empire,,,Image d’un homme debout tourné vers la droite.,"Auto-présentation (avec/sans filiation), Iconographie, Signature",,VIe dynastie,,Dignitaire du roi,,Hiéroglyphes,Les inscriptions de Séhel,,,,h. 55 cm ; l. 20 cm,Piquetage,,
SEH 28,Inscription rupestre,Séhel,Bibi togog ouest,Ancien Empire,,,"Deux hommes debout tournés vers la droite. Celui de droite tient de la main gauche un bâton de dignitaire et, de la droite, une pièce d’étoffe (?). Le second tient de la main droite une pièce d’étoffe (?). Une silhouette inachevée d’Ânouqet datant du Nouvel Empire est aussi présente.","Auto-présentation (avec/sans filiation), Iconographie, Signature",,VIe dynastie,,Dignitaire du roi ; prêtre lecteur,,Hiéroglyphes,Les inscriptions de Séhel,"Un de personnages recouvre en partie une ligne de texte, antérieure donc aux personnages.",,,h. 27 cm ; l. 63 cm,Piquetage,,
SEH 29,Inscription rupestre,Séhel,Bibi togog est,Ancien Empire,,,,"Auto-présentation (avec/sans filiation), Signature",,VIe dynastie,,Serviteur du roi,,Hiéroglyphes,Les inscriptions de Séhel,,,,h. 52 cm ; l. 22 cm,Piquetage,,
SEH 30,Inscription rupestre,Séhel,Bibi togog ouest,Ancien Empire,,,"En dessous du texte, deux hommes d’abouts tournés vers la droite.","Auto-présentation (avec/sans filiation), Iconographie, Signature",,VIe dynastie,,Serviteur du roi,,Hiéroglyphes,Les inscriptions de Séhel,,,,h. 10 cm ; l. 28 cm,Piquetage,,
SEH 31,Inscription rupestre,Séhel,Bibi togog ouest,Ancien Empire,,,,"Auto-présentation (avec/sans filiation), Signature",,VIe dynastie,,Serviteur du roi ; inspecteur ; scribe du transport,,Hiéroglyphes,Les inscriptions de Séhel,,,,h. 71 cm ; l. 45 cm,Piquetage,,
SEH 32,Inscription rupestre,Séhel,Bibi togog ouest,Ancien Empire,,,Un homme debout tourné vers la droite et présentant de la main gauche un pain d’offrande.,"Auto-présentation (avec/sans filiation), Formule d'offrande, Iconographie, Signature",,VIe dynastie,,Serviteur du roi ; inspecteur ; scribe du transport,,Hiéroglyphes,Les inscriptions de Séhel,,,,h. 42 cm ; l. 38 cm,Piquetage,,
SEH 33,Inscription rupestre,Séhel,Bibi togog ouest,Ancien Empire,,,"Au-dessous du texte, un homme debout tourné vers la droite et qui tient de la main gauche un bâton de dignitaire.","Auto-présentation (avec/sans filiation), Iconographie, Signature",,VIe dynastie,,Serviteur du roi ; inspecteur ; scribe du transport,,Hiéroglyphes,Les inscriptions de Séhel,,,,h. 59 cm ; l. 69 cm,Piquetage,,
SEH 34,Inscription rupestre,Séhel,Bibi togog ouest,Ancien Empire,,,,"Auto-présentation (avec/sans filiation), Signature",,,,Chancelier du roi de basse-Égypte,,Hiéroglyphes,Les inscriptions de Séhel,,,,h. 25 cm ; l. 30 cm,Piquetage,,
SEH 35,Inscription rupestre,Séhel,Bibi togog ouest,Ancien Empire,,,,"Auto-présentation (avec/sans filiation), Signature",,,,Juge ; scribe,,Hiéroglyphes,Les inscriptions de Séhel,,,,h. 55 cm ; l. 78 cm,Piquetage,,
SEH 36,Inscription rupestre,Séhel,Bibi togog ouest,Ancien Empire,,,,"Auto-présentation (avec/sans filiation), Signature",Pépy I,VIe dynastie,,Dignitaire du roi ; inspecteur des taches au palais,,Hiéroglyphes,Les inscriptions de Séhel,L’inscription a été faite par un père et fils qui portaient exactement les mêmes titres.,,,h. 46 cm ; l. 50 cm,Piquetage,,
SEH 37,Inscription rupestre,Séhel,Bibi togog ouest,Ancien Empire,,,,"Auto-présentation (avec/sans filiation), Signature",,,,Chancelier du dieu,,Hiéroglyphes,Les inscriptions de Séhel,,,,h. 15 cm ; l. 20 cm,Piquetage,,
SEH 38,Inscription rupestre,Séhel,Bibi togog ouest,Ancien Empire,,,Trois hommes debout trouvés vers la droite.,"Auto-présentation (avec/sans filiation), Iconographie, Signature",,VIe dynastie,,Capitaine de navire,,Hiéroglyphes,Les inscriptions de Séhel,,,,h. 95 cm ; l. 85 cm,Piquetage,,
SEH 39,Inscription rupestre,Séhel,Bibi togog ouest,Ancien Empire,,,,"Auto-présentation (avec/sans filiation), Signature",,VIe dynastie,,Capitaine de navire,,Hiéroglyphes,Les inscriptions de Séhel,,,,h. 10 cm ; l. 30 cm,Piquetage,,
SEH 40,Inscription rupestre,Séhel,Bibi togog ouest,Ancien Empire,,,,"Auto-présentation (avec/sans filiation), Signature",,VIe dynastie,,Capitaine de navire,,Hiéroglyphes,Les inscriptions de Séhel,,,,h. 10 cm ; l. 57 cm,Piquetage,,
SEH 41,Inscription rupestre,Séhel,Bibi togog ouest,Ancien Empire,,,,"Auto-présentation (avec/sans filiation), Signature",,,,Capitaine de navire,,Hiéroglyphes,Les inscriptions de Séhel,,,,h. 45 cm ; l. 13 cm,Piquetage,,
SEH 42,Inscription rupestre,Séhel,Bibi togog ouest,Ancien Empire,,,"En dessous de l’inscription, un personnage tourné vers la droite; courbé et brandissant (?) un objet non identifié.","Auto-présentation (avec/sans filiation), Iconographie, Signature",,VIe dynastie,,Capitaine de navire,,Hiéroglyphes,Les inscriptions de Séhel,,,,h. 43 cm ; l. 53 cm,Piquetage,,
SEH 43,Inscription rupestre,Séhel,Bibi togog est,Ancien Empire,,,,"Auto-présentation (avec/sans filiation), Signature",,VIe dynastie,,Capitaine de navire ; directeur des scribes,,Hiéroglyphes,Les inscriptions de Séhel,,,,h. 25 cm ; l. 31 cm,Piquetage,,
SEH 44,Inscription rupestre,Séhel,Bibi togog est,Ancien Empire,,,"En dessous, deux personnages superposés, d’abouts, tournés vers la droite.","Auto-présentation (avec/sans filiation), Iconographie, Signature",,VIe dynastie,,Capitaine de navire ; directeur des scribes ; dignitaire du roi,,Hiéroglyphes,Les inscriptions de Séhel,,,,h. 64 cm ; l. 60 cm,Piquetage,,
SEH 45,Inscription rupestre,Séhel,Bibi togog ouest,Ancien Empire,,,"À gauche de l’inscription, deux hommes debout tournés vers la droite. Celui d’en haut tient de la main gauche un bâton de dignitaire. Le second tient horizontalement de la main droite un sceptre (bras gauche en partie perdu).","Auto-présentation (avec/sans filiation), Iconographie, Signature",,,,Capitaine de navire,,Hiéroglyphes,Les inscriptions de Séhel,,,,h. 75 cm ; l. 62 cm,Piquetage,,
SEH 46,Inscription rupestre,Séhel,Bibi togog ouest,Ancien Empire,,,,"Auto-présentation (avec/sans filiation), Signature",,,,Chef des équipages,,Hiéroglyphes,Les inscriptions de Séhel,,,,h. 67 cm ; l. 15 cm,Piquetage,,
SEH 47,Inscription rupestre,Séhel,Bibi togog est,Ancien Empire,,,"À gauche, deux colonnes restées illisibles, par-dessus, une silhouette d’homme debout tourné vers ma gauche, sans doute inachevée. En dessous, un homme debout tourné vers la gauche et tenant de la main gauche une pièce d’étoffe.","Auto-présentation (avec/sans filiation), Iconographie, Signature",,,,Chef des scribes des équipages,,Hiéroglyphes,Les inscriptions de Séhel,,,,h. 72 cm ; l. 74 cm,Piquetage,,
SEH 48,Inscription rupestre,Séhel,Bibi togog ouest,Ancien Empire,,,,"Auto-présentation (avec/sans filiation), Signature",,VIe dynastie,,Dignitaire du roi ; chef des auxiliaires nubiens,,Hiéroglyphes,Les inscriptions de Séhel,,,,h. 60 cm ; l. 25 cm,Piquetage,,
SEH 49,Inscription rupestre,Séhel,Hussein togog,Ancien Empire,,,,"Auto-présentation (avec/sans filiation), Signature",,VIe dynastie,,Dignitaire du roi ; chef des auxiliaires nubiens,,Hiéroglyphes,Les inscriptions de Séhel,,,,h. 42 cm ; l. 20 cm,Piquetage,,
SEH 50,Inscription rupestre,Séhel,Bibi togog ouest,Ancien Empire,,,Une ligne et une colonne de texte encadrent un home debout tourné vers la droite tenant de la main gauche un bâton de dignitaire.,"Auto-présentation (avec/sans filiation), Iconographie, Signature",,VIe dynastie,,Dignitaire du roi ; chef des auxiliaires nubiens,,Hiéroglyphes,Les inscriptions de Séhel,,,,h. 38 cm ; l. 29 cm,Piquetage,,
SEH 51,Inscription rupestre,Séhel,Bibi togog ouest,Ancien Empire,,,Un homme debout tourné vers la gauche.,"Auto-présentation (avec/sans filiation), Iconographie, Signature",,VIe dynastie,,Chef des auxiliaires nubiens ; dignitaire du roi,,Hiéroglyphes,Les inscriptions de Séhel,,,,h. 40cm ; l. 44cm,Piquetage,,
SEH 52,Inscription rupestre,Séhel,Hussein togog est,Ancien Empire,,,,"Auto-présentation (avec/sans filiation), Signature",,VIe dynastie,,Chef des auxiliaires nubiens ; dignitaire du roi,,Hiéroglyphes,Les inscriptions de Séhel,,,,h. 30cm ; l. 47cm,Piquetage,,
SEH 53,Inscription rupestre,Séhel,Bibi togog ouest,Ancien Empire,,,,"Auto-présentation (avec/sans filiation), Signature",,VIe dynastie,,Dignitaire du roi ; chef des auxiliaires nubiens,,Hiéroglyphes,Les inscriptions de Séhel,,,,h. 36cm ; l. 115cm,Piquetage,,
SEH 54,Inscription rupestre,Séhel,Bibi togog ouest,Ancien Empire,,,,Signature,,VIe dynastie,,,,Hiéroglyphes,Les inscriptions de Séhel,"Inscription très effacé, traduction impossible.",,,h. 16cm ; l. 23cm,Piquetage,,
SEH 55,Inscription rupestre,Séhel,Bibi togog ouest,Ancien Empire,,,,"Auto-présentation (avec/sans filiation), Signature",,VIe dynastie,,Dignitaire du roi ; chef des auxiliaires nubiens,,Hiéroglyphes,Les inscriptions de Séhel,Seulement les titres ont été gravés.,,,h. 20cm ; l. 23cm,Piquetage,,
SEH 56,Inscription rupestre,Séhel,Bibi togog ouest,Ancien Empire,,,"Deux hommes debout tournés vers la droite et tenant de la main gauche un bâton de dignitaire. Sous la figure des hommes, il s’ajoute la figure d’un homme debout trouvé vers la droite.","Auto-présentation (avec/sans filiation), Iconographie, Signature",,,,Commandant des auxiliaires nubiens,,Hiéroglyphes,Les inscriptions de Séhel,,,,h. 87cm ; l. 70cm,Piquetage,,
SEH 57,Inscription rupestre,Séhel,Bibi togog ouest,Ancien Empire,,,,"Auto-présentation (avec/sans filiation), Signature",,,,Prêtre-lecteur ; lieutenant des recrues ; ami unique,,Hiéroglyphes,Les inscriptions de Séhel,,,,h. 68cm ; l. 18cm,Piquetage,,
SEH 58,Inscription rupestre,Séhel,Bibi togog ouest,Ancien Empire,,,,"Auto-présentation (avec/sans filiation), Signature",,IVe dynastie,,prêtre de Satet ; serviteur du roi ; directeur des prêtres de Satet,,Hiéroglyphes,Les inscriptions de Séhel,,,,h. 36cm ; l. 115cm,Piquetage,,
SEH 59,Inscription rupestre,Séhel,Bibi togog ouest,Ancien Empire,,,,"Auto-présentation (avec/sans filiation), Signature",,IVe dynastie,,directeur des prêtres de Satet,,Hiéroglyphes,Les inscriptions de Séhel,"Inscription très effacé, traduction impossible.",,,h. 32cm ; l. 49cm,Piquetage,,
SEH 60,Inscription rupestre,Séhel,Hussein togog est,Ancien Empire,,,,"Auto-présentation (avec/sans filiation), Signature",,IVe dynastie,,Prêtre de Satet,,Hiéroglyphes,Les inscriptions de Séhel,Seulement les titres ont été gravés.,,,h. 27cm ; l. 55cm,Piquetage,,
SEH 61,Inscription rupestre,Séhel,Bibi togog ouest,Ancien Empire,,,En dessous à gauche du texte un homme debout tourné vers la droite brandit apparement deux instruments cultuels.,"Auto-présentation (avec/sans filiation), Iconographie, Signature",,IVe dynastie,,Directeur des prêtres de Satet,,Hiéroglyphes,Les inscriptions de Séhel,,,,h. 52cm ; l. 91cm,Piquetage,,
SEH 62,Inscription rupestre,Séhel,Hussein togog est,Ancien Empire,,,"L’inscription recouvre ou est recouverte par l’image d’un homme debout trouvé vers la droite. Au-dessus et à droite, un autre homme debout et tourné vers la droite.","Auto-présentation (avec/sans filiation), Iconographie, Signature",,IVe dynastie,,Directeur des prêtres de Satet,,Hiéroglyphes,Les inscriptions de Séhel,,,,h. 32cm ; l. 57cm,Piquetage,,
SEH 63,Inscription rupestre,Séhel,Bibi togog ouest,Ancien Empire,,,"10 hommes sont représentés debout, portant un pagne court dont neuf sont tournés vers la droite et un est tourné vers la gauche. 5 d’entre eux tiennent de la main gauche un bâton de dignitaire. 1 d’entre eux tient un pain d’offrande de la main gauche. 1 d’entre eux tint de deux mains des objets cultes difficile à identifier. 1 d’entre eux apparement lève les bras en adoration.","Auto-présentation (avec/sans filiation), Iconographie, Signature",,VIe dynastie,,prêtre lecteur ; ami unique ; directeur des prêtres de Satet Hotep ; directeur des prêtres ; inspecteur et serviteur du roi ; prêtre,,Hiéroglyphes,Les inscriptions de Séhel,,,,h. 36cm ; l. 115cm,Piquetage,,
SEH 64,Inscription rupestre,Séhel,Bibi togog ouest,Ancien Empire,,,,"Auto-présentation (avec/sans filiation), Signature",,,,directeur des prêtres ; prince ; chancelier du roi de Basse-Égypte ; prêtre-lecteur ; ami unique,,Hiéroglyphes,Les inscriptions de Séhel,,,,h. 25cm ; l. 133cm,Piquetage,,
SEH 65,Inscription rupestre,Séhel,Bibi togog ouest,Ancien Empire,,,"Au-dessous du texte, un homme debout tourné vers la droite et tenant de la main gauche un bâton de dignitaire. Dans la partie inférieure, un ensemble de dignes disposés en colonnes.","Auto-présentation (avec/sans filiation), Iconographie, Signature",,,,Inspecteur ; directeur des prêtres,,Hiéroglyphes,Les inscriptions de Séhel,,,,h. 139cm ; l. 60cm,Piquetage,,
SEH 66,Inscription rupestre,Séhel,Bibi togog ouest,Ancien Empire,,,"Au-dessus du texte, un homme debout tourné vers la droite et que apparement, tient de la main gauche un instrument cultuel.","Auto-présentation (avec/sans filiation), Iconographie, Signature",,,,"Directeur des prêtres, Inspecteur",,Hiéroglyphes,Les inscriptions de Séhel,,,,h. 52cm ; l. 42cm,Piquetage,,
SEH 67,Inscription rupestre,Séhel,BIbi togog ouest,Ancien Empire,,,"Groupement de plusieurs inscriptions difficiles à séparer les unes des autres. Cinq hommes debout tournés vers la droite. Trois d’entre eux tiennent un bâton de dignitaire. Celui du bas à gauche présente apparement deux instruments cultuels. Une ligne de texte accompagne les deux personnages du haut. À droite, un homme debout tourné vers la droite.","Auto-présentation (avec/sans filiation), Iconographie, Signature",,,,,,Hiéroglyphes,Les inscriptions de Séhel,,,,h. 93cm ; l. 135cm,Piquetage,,
SEH 68,Inscription rupestre,Séhel,Bibi togog ouest,Ancien Empire,,,,"Auto-présentation (avec/sans filiation), Signature",,,,,,Hiéroglyphes,Les inscriptions de Séhel,,,,h. 20cm ; l. 79cm,Piquetage,,
SEH 69,Inscription rupestre,Séhel,Bibi togog ouest,Ancien Empire,,,,Signature,,,,,,Hiéroglyphes,Les inscriptions de Séhel,,,,h. 29cm ; l. 63cm,Piquetage,,
SEH 70,Inscription rupestre,Séhel,Bibi togog ouest,Ancien Empire,,,,"Auto-présentation (avec/sans filiation), Signature",,,,,,Hiéroglyphes,Les inscriptions de Séhel,,,,h. 30cm ; l. 45cm,Piquetage,,
SEH 71,Inscription rupestre,Séhel,Bibi togog ouest,Ancien Empire,,,,,,,,,,Hiéroglyphes,Les inscriptions de Séhel,Le texte n’a pas pu être traduit.,,,h. 39cm ; l. 17cm,Piquetage,,
SEH 72,Inscription rupestre,Séhel,Hussein togog est,Ancien Empire,,,"Un homme debout tourné vers la droite. Il tient de la main gauche un bâton de dignitaire et de la main droite, horizontalement, un sceptre. Derrière le personnage, à la hauteur du coude, possiblement, un signe ânkh.","Auto-présentation (avec/sans filiation), Iconographie",,,,,,,Les inscriptions de Séhel,,,,h. 25cm ; l. 22cm,Piquetage,,
SEH 73,Inscription rupestre,Séhel,Hussein togog est,Ancien Empire,,,Un homme debout tourné vers la droite. Il tient de la main gauche un bâton de dignitaire et de la main droite un sceptre.,"Auto-présentation (avec/sans filiation), Iconographie",,,,,,,Les inscriptions de Séhel,,,,h. 38cm ; l. 19cm,Piquetage,,
SEH 74,Inscription rupestre,Séhel,Hussein togog est,Ancien Empire,,,"Ensemble de cinq personnages. À gauche, un homme debout tourné vers la droite. Il tient de la main gauche un bâton de dignitaire. De son bras droit replié, il présente un pain d’offrande (ou peut-être un vase-hes). À droite, quatre hommes debout; tournés vers la droite et disposés en triangle. Le personnage en bas à gauche tient, de son bras gauche, un bâton de dignitaire ; l’homme à droite tient, apparemment, verticalement deux instruments cultuels.","Auto-présentation (avec/sans filiation), Iconographie",,,,,,,Les inscriptions de Séhel,,,,(homme à gauche) h. 31cm ; l. 63cm ; (hommes à droite) h. 49cm ; l. 53cm,Piquetage,,
SEH 75,Inscription rupestre,Séhel,Hussein togog est,Ancien Empire,,,Un homme debout tourné vers la gauche.,"Auto-présentation (avec/sans filiation), Iconographie",,,,,,,Les inscriptions de Séhel,,,,h. 25cm ; l. 15cm,Piquetage,,
SEH 76,Inscription rupestre,Séhel,Hussein togog est,Ancien Empire,,,"Un homme debout tourné vers la droite. Il tient de la main gauche un bâton de dignitaire et de la main droite un sceptre. Derrière lui, à hauteur du torse, le nombre vingt et un.",,,,,,,,Les inscriptions de Séhel,Le texte n’a pas pu être traduit.,,,h. 21cm ; l. 29cm,Piquetage,,
SEH 77,Inscription rupestre,Séhel,Hussein togog est,Ancien Empire,,,Un homme debout tourné vers la gauche et tenant de la main droite un bâton de dignitaire.,"Auto-présentation (avec/sans filiation), Iconographie",,,,,,,Les inscriptions de Séhel,,,,h. 43cm ; l. 27cm,Piquetage,,
SEH 78,Inscription rupestre,Séhel,Hussein togog est,Ancien Empire,,,Deux hommes debout tournés vers la gauche. Le premier tient de la main droite un bâton de dignitaire et de la main gauche une pièce d’étoffe. Le personnage plus petit qui le suit ne le tient pas par la main.,"Auto-présentation (avec/sans filiation), Iconographie",,,,,,,Les inscriptions de Séhel,,,,h. 23cm ; l. 28cm,Piquetage,,
SEH 79,Inscription rupestre,Séhel,Hussein togog est,Ancien Empire,,,Un homme debout tourné vers la gauche.,"Auto-présentation (avec/sans filiation), Iconographie",,,,,,,Les inscriptions de Séhel,,,,h. 17cm ; l. 10cm,Piquetage,,
SEH 80,Inscription rupestre,Séhel,Hussein togog est,Ancien Empire,,,Un homme debout tourné vers la droite et représenté courant (?). Il semble vêtu d’un pagne-chendjit.,"Auto-présentation (avec/sans filiation), Iconographie",,,,,,,Les inscriptions de Séhel,L’image fait penser à la représentation du roi en massacrant les ennemis.,,,h. 67cm ; l. 37cm,Piquetage,,
SEH 81,Inscription rupestre,Séhel,Hussein togog est,Ancien Empire,,,"Six hommes debout, cinq tournés vers la gauche et un tourné vers la droite; quatre d’entre eux ont un bâton de dignitaire. À droite, deux personnages du Nouvel Empire.","Auto-présentation (avec/sans filiation), Iconographie",,,,,,,Les inscriptions de Séhel,,,,h. 89cm ; l. 116cm,Piquetage,,
SEH 82,Inscription rupestre,Séhel,Hussein togog est,Ancien Empire,,,Cinq hommes debout tournés vers la gauche. Le premier et le dernier présentent un pain d’offrande.,"Auto-présentation (avec/sans filiation), Iconographie",,,,,,,Les inscriptions de Séhel,,,,h. 20cm ; l. 13cm,Piquetage,,
SEH 83,Inscription rupestre,Séhel,Hussein togog est,Ancien Empire,,,Trois hommes debout tournés vers la droite et tenant un bâton de dignitaire.,"Auto-présentation (avec/sans filiation), Iconographie",,,,,,,Les inscriptions de Séhel,,,,h. Des personnages de 27cm à 30cm,Piquetage,,
SEH 84,Inscription rupestre,Séhel,Hussein togog ouest,Ancien Empire,,,"Plusieurs personnages indépendants les uns des autres. L’homme de plus grand, qui est également celui dont la gravure est la plus soignée, est tourné vers la gauche. Il présente un pain d’offrande de la main droite et tient une pièce d’étoffe (?) De la main gauche. Il est encadré de deux hommes tournés vers la droite, à une échelle plus petite. Tous deux tiennent verticalement de la main gauche un bâton court. Au-dessous, un homme tourné vers la droite présente un pain de la main gauche.","Auto-présentation (avec/sans filiation), Iconographie",,,,,,,Les inscriptions de Séhel,,,,Personnage de gauche :h. 40cm ; l. 24cm ; personnage de droite : h. 20cm ; l. 14cm,Piquetage,,
SEH 85,Inscription rupestre,Séhel,Hussein togog ouest,Ancien Empire,,,Deux hommes debout tournés vers la gauche.,"Auto-présentation (avec/sans filiation), Iconographie",,,,,,,Les inscriptions de Séhel,,,,h. 25.7cm ; l. 20cm,Piquetage,,
SEH 86,Inscription rupestre,Séhel,Hussein togog ouest,Ancien Empire,,,Ensemble de signes et de personnages,Iconographie,,,,,,,Les inscriptions de Séhel,"L’interprétation de Morgan y voit une inscription, mais ce n’est pas prouvé.",,,h. 100cm ; l. 75cm,Piquetage,,
SEH 87,Inscription rupestre,Séhel,Hussein togog est,Ancien Empire,,,"Un homme debout, tourné vers la droite.","Auto-présentation (avec/sans filiation), Iconographie",,,,,,,Les inscriptions de Séhel,,,,h. 19cm ; l. 14cm,Piquetage,,
SEH 88,Inscription rupestre,Séhel,Hussein togog ouest,Ancien Empire,,,"Deux personnages l’un au-dessus de l’autre. En haut, un petit personnage, les deux bras levés à hauteur de la tête qui est peut-être représentée en face. En dessous, un homme debout, tourné vers la gauche, bras gauche le long du corps et tenant de la main droite un bâton de dignitaire.","Auto-présentation (avec/sans filiation), Iconographie",,,,,,,Les inscriptions de Séhel,,,,Personnage aux bras levés : h. 15cm ; l. 12cm ; Personnage en dessous : h. 18cm ; l. 15cm,Piquetage,,
SEH 89,Inscription rupestre,Séhel,Hussein togog ouest,Ancien Empire,,,"Un homme debout tourné vers la droite. Il tient de la main gauche un bâton de dignitaire et de la main droite, placé le long du corps, une pièce d’étoffe (?).","Auto-présentation (avec/sans filiation), Iconographie",,,,,,,Les inscriptions de Séhel,,,,h. 27cm ; l. 23cm,Piquetage,,
SEH 90,Inscription rupestre,Séhel,Hussein togog ouest,Ancien Empire,,,"Un homme debout tourné vers la droite. Il tient de la main gauche un bâton de dignitaire et de la main gauche, placé le long du corps, une pièce d’étoffe (?).","Auto-présentation (avec/sans filiation), Iconographie",,,,,,,Les inscriptions de Séhel,,,,h. 27cm ; l. 19cm,Piquetage,,
SEH 91,Inscription rupestre,Séhel,Hussein togog ouest,Ancien Empire,,,"Un homme debout tourné vers la droite et tenant de la main gauche un bâton de dignitaire ; devant lui, peut-être les trans d’un texte très effacé.","Auto-présentation (avec/sans filiation), Iconographie",,,,,,,Les inscriptions de Séhel,,,,h. 33cm ; l. 38cm,Piquetage,,
SEH 92,Inscription rupestre,Séhel,Hussein togog ouest,Ancien Empire,,,"En haut à gauche, un homme debout, tourné vers la droite ; en bas à gauche, un homme debout tourné vers la droite.","Auto-présentation (avec/sans filiation), Iconographie",,,,,,,Les inscriptions de Séhel,"En dessous et à droite de personnages, possibles traces d’une inscription illisibles",,,Homme du haut : h. 26cm ; l. 15cm ; homme du bas : h. 22cm ; l. 11cm,Piquetage,,
SEH 93,Inscription rupestre,Séhel,Hussein togog ouest,Ancien Empire,,,"Un homme debout tourné vers la gauche et présentant un objet vertical. De la main gauche, il tient une pièce d’étoffe (et non un sceptre comme pourrait faire penser la ligne horizontale trop longue).","Auto-présentation (avec/sans filiation), Iconographie",,,,,,,Les inscriptions de Séhel,,,,h. 28cm ; l. 15cm,Piquetage,,
SEH 94,Inscription rupestre,Séhel,Hussein togog ouest,Ancien Empire,,,"Un homme debout tourné vers la droite. Il tient de la main gauche un bâton de dignitaire et de la main droite, placé le long du corps, une pièce d’étoffe.","Auto-présentation (avec/sans filiation), Iconographie",,,,,,,Les inscriptions de Séhel,,,,h. 28cm ; l. 18cm,Piquetage,,
SEH 95,Inscription rupestre,Séhel,Hussein togog ouest,Ancien Empire,,,"Un homme debout tourné vers la droite. Il tient de la main gauche un bâton de dignitaire, main droite le long du corps.","Auto-présentation (avec/sans filiation), Iconographie",,,,,,,Les inscriptions de Séhel,,,,h. 18cm ; l. 11cm,Piquetage,,
SEH 96,Inscription rupestre,Séhel,Hussein togog ouest,Ancien Empire,,,Un homme debout tourné vers la droite. Il tient de ses deux mains tendues devant lui un objet aux contours difficilement identifiables.,"Auto-présentation (avec/sans filiation), Iconographie",,,,,,,Les inscriptions de Séhel,,,,h. 21cm ; l. 16cm,Piquetage,,
SEH 97,Inscription rupestre,Séhel,Hussein togog ouest,Ancien Empire,,,Deux hommes debout tournés vers la droite.,"Auto-présentation (avec/sans filiation), Iconographie",,,,,,,Les inscriptions de Séhel,,,,h. 24cm ; l. 40cm,Piquetage,,
SEH 98,Inscription rupestre,Séhel,Hussein togog ouest,Ancien Empire,,,Deux hommes debout tournés vers la gauche,"Auto-présentation (avec/sans filiation), Iconographie",,,,,,,Les inscriptions de Séhel,,,,h. 31cm ; l. 14cm,Piquetage,,
SEH 99,Inscription rupestre,Séhel,Hussein togog ouest,Ancien Empire,,,Un homme debout tourné vers la droite.,"Auto-présentation (avec/sans filiation), Iconographie",,,,,,,Les inscriptions de Séhel,,,,h. 60cm ; l. 58cm,Piquetage,,
SEH 100,Inscription rupestre,Séhel,Hussein togog ouest,Ancien Empire,,,Un homme debout tourné vers la droite.,"Auto-présentation (avec/sans filiation), Iconographie",,,,,,,Les inscriptions de Séhel,,,,h. 28cm ; l. 18cm,Piquetage,,
SEH 101,Inscription rupestre,Séhel,Bibi togog ouest,Ancien Empire,,,Un homme debout tourné vers la droite. Il tient de la main gauche un bâton de dignitaire et de la droite un sceptre.,"Auto-présentation (avec/sans filiation), Iconographie",,,,,,,Les inscriptions de Séhel,,,,h. 27cm ; l. 17cm,Piquetage,,
SEH 102,Inscription rupestre,Séhel,Bibi togog ouest,Ancien Empire,,,Trois ou quatre personnages recouverts par une inscriptions postérieure.,"Auto-présentation (avec/sans filiation), Iconographie",,,,,,,Les inscriptions de Séhel,,,,h. 48cm ; l. 64cm,Piquetage,,
SEH 103,Inscription rupestre,Séhel,Bibi togog ouest,Ancien Empire,,,Un homme debout tourné vers la droite avec le bras doit le long du corps et le bras gauche levé.,"Auto-présentation (avec/sans filiation), Iconographie",,,,,,,Les inscriptions de Séhel,,,,h. 18cm ; l. 13cm,Piquetage,,
SEH 104,Inscription rupestre,Séhel,Bibi togog ouest,Ancien Empire,,,Deux hommes debout tournés vers la droite. Celui de droite tient un bâton de dignitaire et une pièce d’étoffe. Le dessus de celui de gauche est inachevé.,"Auto-présentation (avec/sans filiation), Iconographie",,,,,,,Les inscriptions de Séhel,,,,h. 31cm ; l. 79cm,Piquetage,,
SEH 105,Inscription rupestre,Séhel,Bibi togog ouest,Ancien Empire,,,"Deux hommes se faisant face. Celui de gauche est court, ses deux bras pendent le long du corps. Le personnage de droite a les deux bras rendus au-dessus de la tête.","Auto-présentation (avec/sans filiation), Iconographie",,,,,,,Les inscriptions de Séhel,"La position de l’homme de droite n’est pas inconnu, on connaît des représentation pareil datant de l’époque archaïque.",,,h. 33cm ; l. 28cm,Piquetage,,
SEH 106,Inscription rupestre,Séhel,Bibi togog ouest,Ancien Empire,,,Deux hommes debout tournés vers la droite. Celui de gauche a les bras le long du corps. Celui de droite lève le bras gauche dans ce qui est peut-être un geste d’adoration.,"Auto-présentation (avec/sans filiation), Iconographie",,,,,,,Les inscriptions de Séhel,,,,h. 51cm ; l. 33cm,Piquetage,,
SEH 107,Inscription rupestre,Séhel,Bibi togog ouest,Ancien Empire,,,"Deux hommes debout tournés vers la gauche, présentant de la main droite un pain d’offrande. Entre les deux, un troisième personnage, de plus petite taille et d’un style de gravure différent qui semble avoir été ajouté postérieurement aux deux hommes.","Auto-présentation (avec/sans filiation), Iconographie",,,,,,,Les inscriptions de Séhel,,,,h. 19cm ; l. 22cm,Piquetage,,
SEH 108,Inscription rupestre,Séhel,Bibi togog ouest,Ancien Empire,,,Un homme debout tourné vers la gauche. Son bras gauche le long du corps et il présente un pain d’offrande de la main droite.,"Auto-présentation (avec/sans filiation), Iconographie",,,,,,,Les inscriptions de Séhel,,,,"h. 23,5cm ; l. 14cm",Piquetage,,
SEH 109,Inscription rupestre,Séhel,Bibi togog ouest,"Ancien Empire, Incertaine",,,"En haut, à droite, nous avons apparemment l’image d’un homme armé d’un arc et tourné vers la gauche. Les autres traces semblent des signes inachevés.","Auto-présentation (avec/sans filiation), Iconographie",,,,,,,Les inscriptions de Séhel,,,,,Piquetage,,
SEH 110,Inscription rupestre,Séhel,Bibi togog ouest,Ancien Empire,,,"Un homme debout tourné vers la droite, les deux bras le long du corps.","Auto-présentation (avec/sans filiation), Iconographie",,,,,,,Les inscriptions de Séhel,,,,h. 18cm ; l. 8cm,Piquetage,,
SEH 111,Inscription rupestre,Séhel,Bibi togog ouest,Ancien Empire,,,"Un homme debout tourné vers la droite, brandit d’un bâton vertical de sa main gauche et hale un objet aux contours mal définis (un bateau, peut-être) de son bras droit tendu. À gauche un personnage inachevé.","Auto-présentation (avec/sans filiation), Iconographie",,,,,,,Les inscriptions de Séhel,,,,h. 22cm ; l. 26cm,Piquetage,,
SEH 112,Inscription rupestre,Séhel,Bibi togog ouest,Ancien Empire,,,Un homme debout tourné vers la droite. Son bras droit pend le long du corps et son bras gauche est relevé en signe d’adoration.,"Auto-présentation (avec/sans filiation), Iconographie",,,,,,,Les inscriptions de Séhel,,,,h. 23cm ; l. 14cm,Piquetage,,
SEH 113,Inscription rupestre,Séhel,Hussein togog est,Ancien Empire,,,Un homme debout tourné vers la gauche.,"Auto-présentation (avec/sans filiation), Iconographie",,,,,,,Les inscriptions de Séhel,,,,h. 25cm ; l. 13cm,Piquetage,,
SEH 114,Inscription rupestre,Séhel,Hussein togog est,Ancien Empire,,,"Deux hommes debout et tenant un bâton de dignitaire. Celui de gauche est tourné vers la gauche, celui de droite, vers la droite.","Auto-présentation (avec/sans filiation), Iconographie",,,,,,,Les inscriptions de Séhel,,,,personnage de gauche : h. 48cm ; l. 32cm ; personnage de droite : h. 47cm ; l. 42cm,Piquetage,,
SEH 115,Inscription rupestre,Séhel,Bibi togog sud,"Ancien Empire, Incertaine",,,"Un homme debout tourné vers la droite et tenant un poisson. Au-dessous, un homme plus petit debout tourné vers la gauche. En haut du personnage le plus grand, il paraît avoir l’image d’un Cosson. À droite de celui-ci, un homme debout tourné vers la gauche.","Auto-présentation (avec/sans filiation), Iconographie",,,,,,,Les inscriptions de Séhel,,,,h. 43cm ; l.26cm,Piquetage,,
SEH 116,Inscription rupestre,Séhel,Bibi togog sud,"Ancien Empire, Incertaine",,,"Un homme debout bras écartés, tenant apparemment des poissons.","Auto-présentation (avec/sans filiation), Iconographie",,,,,,,Les inscriptions de Séhel,,,,h. 13cm ; l. 8cm,Piquetage,,
SEH 117,Inscription rupestre,Séhel,Bibi togog sud,"Ancien Empire, Incertaine",,,"Représentation très schématique d’un homme debout, les bras écartés, tenant des poisson et, à gauche, une trace indistincte.","Auto-présentation (avec/sans filiation), Iconographie",,,,,,,Les inscriptions de Séhel,,,,h. 17cm ; l. 16m,Piquetage,,
SEH 118,Inscription rupestre,Séhel,Bibi togog sud,Ancien Empire,,,Un poisson représenté verticalement.,Iconographie,,,,,,,Les inscriptions de Séhel,,,,h. 44cm ; l. 14cm,Piquetage,,
SEH 119,Inscription rupestre,Séhel,Bibi togog est,Ancien Empire,,,"Un homme debout, les deux bras le long du corps et tourné vers la droite.","Auto-présentation (avec/sans filiation), Iconographie",,,,,,,Les inscriptions de Séhel,,,,h. 19cm ; l. 12cm,Piquetage,,
SEH 120,Inscription rupestre,Séhel,Bibi togog est,"Ancien Empire, Incertaine, Moyen Empire",,,"À l’intérieur d’un cadre rectangulaire, un homme debout tourné vers la droite. Il semble avoir les deux bras le long du corps.","Auto-présentation (avec/sans filiation), Iconographie",,,,,,,Les inscriptions de Séhel,,,,h. 28cm ; l.20cm,Piquetage,,
SEH 121,Inscription rupestre,Séhel,Bibi togog est,Ancien Empire,,,"Un homme debout tourné vers la droite. Il tient de la main gauche un bâton de dignitaire et de la droite, un sceptre.","Auto-présentation (avec/sans filiation), Iconographie",,,,,,,Les inscriptions de Séhel,,,,"h. 18cm ; l. 8,5cm",Piquetage,,
SEH 122,Inscription rupestre,Séhel,Bibi togog est,Ancien Empire,,,"À la partie supérieure, deux hommes debout tournés vers la droite. Tous deux, de la main droite le long du corps, tiennent une pièce d’étoffe (?) ; celui de droite présente un pain d’offrande et celui de gauche un bâton court. En dessous, un dessin représente peut-être un personnage court aux bras longs, vu de face.","Auto-présentation (avec/sans filiation), Iconographie",,,,,,,Les inscriptions de Séhel,,,,personnage de droite : h. 23cm ; l. 20m ; personnage de gauche : h. 27cm ; l. 19cm ; personnage du bas : h. 15cm ; l. 20cm,Piquetage,,
SEH 123,Inscription rupestre,Séhel,Bibi togog est,Ancien Empire,,,"Un homme debout tourné vers la gauche et présentant un pain d’offrande. De la main droite, il tient une pièce d’étoffe (?). Le personnage est placé dans un bateau à rames et gouvernail orienté dans le même sens.","Auto-présentation (avec/sans filiation), Iconographie",,,,,,,Les inscriptions de Séhel,,,,h.38cm ; l. 60cm,Piquetage,,
SEH 124,Inscription rupestre,Séhel,Bibi togog est,Ancien Empire,,,Un homme debout tourné vers la droite,"Auto-présentation (avec/sans filiation), Iconographie",,,,,,,Les inscriptions de Séhel,,,,h. 42cm ; l. 24cm,Piquetage,,
SEH 125,Inscription rupestre,Séhel,Bibi togog est,Ancien Empire,,,"L’inscription regroupe une vingtaine d’homes dans des attitudes que l’on retrouve sur d’autres roches. Cinq d’entre eux ont dans la main droite une pièce d’étoffe (?) et cinq d’autres tiennent également devant eux un bâton de dignitaire. Ils ne sont pas tous orientés de la même façon. Sur la droite, un petit personnage est figuré de face, ses jambes sont très arquées et son sexe bien visible, sa tête est particulièrement large (des graffiti comparables peuvent être trouvés en Nubie, à Sarras, par exemple).","Auto-présentation (avec/sans filiation), Iconographie",,,,,,Hiéroglyphes,Les inscriptions de Séhel,"C’est une inscription unique à Séhel, une situation exceptionnelle. L’inscription est en effet gravé très en hauteur et relativement isolé par rapport au reste des inscriptions. Le personnage pris dans un rectangle et gravé selon une technique différente (en haut à gauche) pourrait dater du moyen Empire. Sur le bloc du milieu, parmi les personnages, se distingue une inscriptions ""Ouserânqet"" bien lisible avec, en dessous, quelques signes qui doivent appartenir à la même période.",,,h. 133cm ; l. 230cm,gravure,,
SEH 126,Inscription rupestre,Séhel,Bibi togog est,Ancien Empire,,,Deux hommes debout tournés vers la droite.,"Auto-présentation (avec/sans filiation), Iconographie",,,,,,,Les inscriptions de Séhel,,,,h. 45cm ; l. 41cm,Piquetage,,
SEH 127,Inscription rupestre,Séhel,Bibi togog est,Ancien Empire,,,Trois hommes debout trouvés vers la gauche. Celui de droite semble porter une enseigne.,"Auto-présentation (avec/sans filiation), Iconographie",,,,,,,Les inscriptions de Séhel,,,,h. 38cm ; l. 70cm,Piquetage,,
SEH 128,Inscription rupestre,Séhel,Bibi togog est,"Ancien Empire, Moyen Empire",,,"À l’intérieure d’une surface rectangulaire préparée, un homme debout tourné vers la gauche. Son bras gauche pend le long du corps et il présente un objet vertical de la main droit.","Auto-présentation (avec/sans filiation), Iconographie",,,,,,,Les inscriptions de Séhel,"Plusieurs personnages pris ainsi à l’intérieur d’un cadre ont été relevés par J. de Morgan, sur la route de Philae à Assouan, dans la région de Mahatta.",,,h. 35cm ; l. 30cm,Sculpture en creux,,
SEH 129,Inscription rupestre,Séhel,Moussein togog,Ancien Empire,,,Un homme debout tourné vers la droite. Il tient de la main gauche un bâton de dignitaire et son bras droit pend le long du corps.,"Auto-présentation (avec/sans filiation), Iconographie",,,,,,,Les inscriptions de Séhel,,,,h. 13cm ; l. 10cm,Piquetage,,
SEH 130,Inscription rupestre,Séhel,Hussein togog sommet,Ancien Empire,,,"Un homme debout tourné vers la gauche. De la main droite, il tient devant lui un bâton de dignitaire.","Auto-présentation (avec/sans filiation), Iconographie",,,,,,,Les inscriptions de Séhel,,,,h. 19cm ; l. 19cm,Piquetage,,
SEH 131,Inscription rupestre,Séhel,Hussein togog sommet,Ancien Empire,,,"Deux hommes debout et se faisant face (rien ne prouve qu’il s’agisse de la même scène). Celui de gauche, piqueté plus fermement, est tourné  vers la droite. Son bras droit pend le long du corps et tient un objet touchant terre. De la main gauche, il tient un bâton de dignitaire. Le personnage de droite est tourné vers la gauche. Des deux main, il brandit verticalement un bâton dont la partie supérieure est renflée.","Auto-présentation (avec/sans filiation), Iconographie",,,,,,,Les inscriptions de Séhel,,,,h. 40cm ; l. 59cm,Piquetage,,
SEH 132,Inscription rupestre,Séhel,Hussein togog sommet,Ancien Empire,,,"Un homme debout tourné vers la droite, le bras droit le long du corps et main gauche tenant un bâton. Devant lui, apparement, une colonne de quatre hiéroglyphes et de part et d’autre de cet ensemble, deux hiéroglyphes isolés,     gravés plus finement et appartenant sans doute à une époque ultérieure.","Auto-présentation (avec/sans filiation), Iconographie",,,,,,,Les inscriptions de Séhel,,,,h. 37cm ; l. 38cm,Piquetage,,
SEH 133,Inscription rupestre,Séhel,Hussein togog sommet,Ancien Empire,,,Un homme debout tourné vers la gauche et tenant de la main droite un bâton de dignitaire.,"Auto-présentation (avec/sans filiation), Iconographie",,,,,,,Les inscriptions de Séhel,,,,h. 44cm ; l. 27cm,piquetage,,
SEH 134,Inscription rupestre,Séhel,Ras Séhel,Ancien Empire,,,Trois hommes debout tournés vers la droit . Tous trois sont en pagne et ont un trait qui leur barre la poitrine et fait songer à une représentation de la couverture roulée que portent parfois les berges. Le personnage de droite paraît inachevé.,"Auto-présentation (avec/sans filiation), Iconographie",,,,,,,Les inscriptions de Séhel,,,,h. 24cm ; l. 56cm,Piquetage,,
SEH 135,Inscription rupestre,Séhel,Ras Séhel,Ancien Empire,,,"Un homme debout tourné vers la droite. Ses deux bras sont repliés vers le haut. Du bras gauche, il brandit possiblement un instrument cultuel.","Auto-présentation (avec/sans filiation), Iconographie",,,,,,,Les inscriptions de Séhel,,,,h. 30cm ; l. 21cm,Piquetage,,
SEH 136,Inscription rupestre,Séhel,Ras Séhel,Ancien Empire,,,"Un homme debout tourné vers la gauche. Son bras pend le long du corps ; de son bras droit, il brandit un bâton court.","Auto-présentation (avec/sans filiation), Iconographie",,,,,,,Les inscriptions de Séhel,,,,h. 66cm ; l. 35cm,Piquetage,,
SEH 137,Inscription rupestre,Séhel,Ras Séhel,Ancien Empire,,,Un homme debout tourné vers la droite et tenant de la main gauche un bâton de dignitaire. De la main droite il tient un sceptre.,"Auto-présentation (avec/sans filiation), Iconographie",,,,,,,Les inscriptions de Séhel,,,,h. 29cm ; l. 19cm,Piquetage,,
SEH 138,Inscription rupestre,Séhel,Bibi togog,Incertaine,,,"Un bovidé tourné vers la droite, à l’entrée d’une sorte d’abri sous roche d’environ 1,50m de profondeur sur autant de large.",Iconographie,,,,,,,Les inscriptions de Séhel,,,,h. 52cm ; l. 52cm,piquetage,,
SEH 139,Inscription rupestre,Séhel,Bibi togog ouest,Ancien Empire,,,"Un graffito d’un quadrupède, probablement un âne.",Iconographie,,,,,,,Les inscriptions de Séhel,,,,h. 12cm ; l. 25cm,Piquetage,,
SEH 140,Inscription rupestre,Séhel,Hussein togog est,Ancien Empire,,,"Au milieu des signes non identifiables, représentation d’un échassier (ibis?) tourné vers la droite.",Iconographie,,,,,,,Les inscriptions de Séhel,,,,h. 30cm ; l. 45cm,Piquetage,,
SEH 141,Inscription rupestre,Séhel,Bibi togog,Incertaine,,,Un crocodile tourné vers la droite.,Iconographie,,,,,,,Les inscriptions de Séhel,,,,h. 10cm ; l. 17cm,Piquetage,,
SEH 142,Inscription rupestre,Séhel,Maltineg,Ancien Empire,,,"Barque avec rames, rames du gouvernail et cabine abritant possiblement un personnage.","Auto-présentation (avec/sans filiation), Iconographie",,,,,,,Les inscriptions de Séhel,L’inscription a été partiellement recouverte par une autre.,,,"h. 20cm ; l. 37,5cm",Piquetage,,
SEH 143,Inscription rupestre,Séhel,Bibi togog ouest,Ancien Empire,,,"On reconnaît encore sept personnages, tous tournés vers la droite. Trois d’entre eux présentent un pain d’offrande, deux figurent dans une barque et un autre tient un bâton de dignitaire.","Auto-présentation (avec/sans filiation), Iconographie",,,,,,,Les inscriptions de Séhel,Cet ensemble est particulièrement difficile à distinguer sous l’inscription SEH 176 qui est venue le recouvrir.,,,h. 156cm ; l. 166cm,piquetage,,
SEH 144,Inscription rupestre,Séhel,Bibi togog ouest,Ancien Empire,,,"Un homme debout tourné vers la droite, tenant de la main gauche une rame ou gouvernail (?) et de la main droite une pièce d’étoffe (?). Il est placé dans une barque à coque en demi-cercle et dont la proue évoque une tête de gazelle (?).","Auto-présentation (avec/sans filiation), Iconographie",,,,,,,Les inscriptions de Séhel,,,,h. 34cm ; l. 53cm,Piquetage,,
SEH 145,Inscription rupestre,Séhel,Hussein togog est,Ancien Empire,,,Deux rangées de petits traits verticaux qui pourraient être des nombres.,Iconographie,,,,,,,Les inscriptions de Séhel,,,,h. 33cm ; l. 30cm,Piquetage,,
SEH 146,Inscription rupestre,Séhel,Bibi togog ouest,Moyen Empire,"Rê, Ânouqet",Ânouqet favorite de sa mère ; Ânouqet maîtresse de Ta-seti,"Dans un cadre fermé par le signe du ciel, Ânouqet, à gauche, tend à la narine du roi un signe-ânkh. Le souverain coiffé du pschent se présente devant la déesse, tenant de la main droite bâton-mekes et de la main gauche une massue-hedj. Son visage porte les rides caractéristiques de l’iconographie de son règne. Une ligne et trois colonnes de texte s’ajoutent à la scène. Sous le cadre, deux lignes de texte.","Discours royale, Décret, Iconographie, Texte commémoratif, Titulature royale",ẖʿ-kȝ.w-rʿ (Sésostris III),XIIe dynastie,,,,Hiéroglyphes,Les inscriptions de Séhel,,,,h. 88cm ; l. 68cm,Relief dans le creux,,
SEH 147,Inscription rupestre,Séhel,Bibi togog est,Moyen Empire,,"Satet, maîtresse d’Éléphantine","Dans un cadre fermé par le signe du ciel, Satet, à droite, tend à la narine du roi un signe-ânkh. Celui-ci, coiffé du pschent, se présente devanct la déesse tenant de la main gauche un bâton-mekes et de la main droite une massue-hedj. Cinq colonnes de texte s’ajoutent à la scène. Sous le cadre, six lignes et deux colonnes de texte ; à gauche du tableau, un homme debout tourné vers la droite, vêtu d'une longue robe et les deux bras le long du corps, est précédé de deux colonnes de texte.","Discours royale, Décret, Iconographie, Texte commémoratif, Titulature royale",ẖʿ-kȝ.w-rʿ (Sésostris III),XIIe dynastie,,Le chancelier du roi de Basse-Égypte ; contrôleur des travaux dans le pays tout entier ; directeur du sceau,,Hiéroglyphes,Les inscriptions de Séhel,,,"L’inscription présente des reste de couleurs. Vert : formule de protection derrière le roi ainsi que la massue-hedj ; Rouge : chairs et couronne rouge du roi, le plis du devanteau du pagne et les quatre rubans qui tombent de la ceinture.",h. 84cm ; l. 69cm,Relief dans le creux,,
SEH 148,Inscription rupestre,Séhel,Bibi togog est,Moyen Empire,,,,Titulature royale,ẖʿ-kȝ.w-rʿ (Sésostris III),XIIe dynastie,,,,Hiéroglyphes,Les inscriptions de Séhel,Tableau donnant vis-à-vis les noms d’Horus et de roi de haute et basse-Égypte de Sésostris III.,,,h. 103cm ; l. 70cm,Relief dans le creux,,
SEH 149,Inscription rupestre,Séhel,Bibi togog est,Moyen Empire,,,,Titulature royale,ẖʿ-kȝ.w-rʿ (Sésostris III),XIIe dynastie,,,,Hiéroglyphes,Les inscriptions de Séhel,Tableau donnant vis-à-vis les noms d’Horus et de roi de haute et basse-Égypte de Sésostris III.,,,h. 88cm ; l. 60cm,piquetage,,
SEH 150,Inscription rupestre,Séhel,Bibi togog est,Moyen Empire,,,,Titulature royale,ẖʿ-kȝ.w-rʿ (Sésostris III),XIIe dynastie,,,,Hiéroglyphes,Les inscriptions de Séhel,Tableau donnant vis-à-vis les noms des Deux Maîtresses et de roi de haute et basse-Égypte de Sésostris III.,,,"h. 37,5cm ; l. 35cm",Piquetage,,
SEH 151,Inscription rupestre,Séhel,Bibi togog est,Moyen Empire,,,,Titulature royale,ẖʿ-kȝ.w-rʿ (Sésostris III),XIIe dynastie,,,,Hiéroglyphes,Les inscriptions de Séhel,Tableau donnant vis-à-vis les noms d’Horus et de roi de haute et basse-Égypte de Sésostris III.,,,h. 64cm ; l. 66cm,Relief dans le creux,,
SEH 152,Inscription rupestre,Séhel,Bibi togog ouest,Moyen Empire,Ânouqet,"Ânouqet, maîtresse de la barque de l’ousekhet","Un homme est représenté debout tourné vers la gauche, les bras le long du corps et vêtu Dun pagne long. Devant lui deux colonnes de texte également orientées vers la gauche.","Appel aux vivants, Auto-biographie, Auto-présentation (avec/sans filiation), Formule d'offrande, Hymne ou adoration, Iconographie, Justification d'innocence",ẖʿ-kȝ.w-rʿ (Sésostris III),XIIe dynastie,,grand camérier ; contrôleur des travaux ; prêtre-ouâb ; scribe ; prince ; directeur des prêtres ; musicien,,Hiéroglyphes,Les inscriptions de Séhel,"C’est une inscription incroyable, il mentionne plusieurs thèmes que j’aimerais aborder comme les fêtes dans le désert et la transmission des charges de père à fils, par exemple.",,,h. 75cm ; l. 95cm,Relief dans le creux,,
SEH 153,Inscription rupestre,Séhel,Bibi togog ouest,Moyen Empire,,,,"Auto-présentation (avec/sans filiation), Signature",,XIIe dynastie,,Prince ; directeur des prêtres,,Hiéroglyphes,Les inscriptions de Séhel,,,,h. 8cm ; l. 38cm,Relief dans le creux,,
SEH 154,Inscription rupestre,Séhel,Bibi togog est,Moyen Empire,Ânouqet,"Ânouqet, maîtresse de Séhel","Un homme debout portant un pagne court, tourné vers la droite avec les bras le long du corps, encadré par tous lignes et deux colonnes de texte.","Auto-présentation (avec/sans filiation), Formule d'offrande, Iconographie",,XIIe - XIIIe dynastie,,camérier des appartements royaux,,Hiéroglyphes,Les inscriptions de Séhel,,,,h. 115cm ; l. 70cm,piquetage,,
SEH 155,Inscription rupestre,Séhel,Bibi togog est,Moyen Empire,Ânouqet,"Ânouqet, maitresse de Ta-seti","Un homme debout portant un pagne long, tourné vers la droite et les bras le long du corps.","Auto-présentation (avec/sans filiation), Formule d'offrande, Iconographie",,XIIe - XIIIe dynastie,,Camérier des appartements royaux,,Hiéroglyphes,Les inscriptions de Séhel,,,,h. 60cm ; l. 48cm,Piquetage,,
SEH 156,Inscription rupestre,Séhel,Bibi togog ouest,Moyen Empire,Ânouqet,"Ânouqet, favorite de sa mère","Ânouqet tend une croix-ânkh à la narine du roi ; le roi porte le pschent, un bâton-mekes et une massue-hedj.","Bénédiction, Discours divin, Titulature royale",Ḫʿ-sḫm-Rʿ nfr-ḥtp (Néferhotep I),XIIIe dynastie,,,,Hiéroglyphes,Les inscriptions de Séhel,,,,h. 87cm ; l. 68cm,Relief dans le creux,,
SEH 157,Inscription rupestre,Séhel,Bibi togog est,Moyen Empire,,,,Titulature royale,Grg tȝwy Ḫʿ-sḫm-Rʿ nfr-ḥtp (Néferhotep I),XIIIe dynastie,,,,Hiéroglyphes,Les inscriptions de Séhel,Tableau donnant en vis-à-vis les noms d’Horus et de roi de Haute et Basse-Égypte de Néferhotep I,,,h. 71cm ; l. 50cm,Relief dans le creux,,
SEH 158,Inscription rupestre,Séhel,Bibi togog ouest,Moyen Empire,,,,"Signature, Titulature royale",Grg tȝwy Ḫʿ-sḫm-Rʿ nfr-ḥtp (Néferhotep I),XIIIe dynastie,,Connu du roi,,Hiéroglyphes,Les inscriptions de Séhel,Tableau donnant en vis-à-vis les noms d’Horus et de roi de Haute et Basse-Égypte de Néferhotep I.,,,h. 102cm ; l. 61cm,Relief dans le creux,,
SEH 159,Inscription rupestre,Séhel,Bibi togog est,Moyen Empire,,,,Titulature royale,Grg tȝwy ; nfr-ḥtp (Néferhotep I),XIIIe dynastie,,,,Hiéroglyphes,Les inscriptions de Séhel,Tableau donnant en vis-à-vis les noms d’Horus et de fils de Rê de Néferhotep I.,,,h. 90cm ; l. 65cm,Relief dans le creux,,
SEH 160,Inscription rupestre,Séhel,Bibi togog est,Moyen Empire,,,,Titulature royale,Wp mȝʿ t Ḫʿ-sḫm-Rʿ nfr-ḥtp (Néferhotep I),XIIIe dynastie,,,,Hiéroglyphes,Les inscriptions de Séhel,Tableau donnant en vis-à-vis les noms des Deux Maîtresses et de roi de Haute et Basse-Égypte de Néferhotep I.,,,h. 33cm ; l. 25cm,Piquetage,,
SEH 161,Inscription rupestre,Séhel,Bibi togog est,Moyen Empire,,,,Titulature royale,Mn mrwt  nfr-ḥtp (Néferhotep I),XIIIe dynastie,,,,Hiéroglyphes,Les inscriptions de Séhel,Tableau donnant en vis-à-vis les noms d’Horus d’or et de fils de Rê de Néferhotep I.,,,h. 83cm ; l. 54cm,Relief dans le creux,,
SEH 162,Inscription rupestre,Séhel,Bibi togog ouest,Moyen Empire,,,,Généalogie/ Filiation,,XIIIe dynastie,,Père du dieu ; mère royale ; épouse royale ; fils royal ; fille royale ; connu-du-roi ; directeur du sceau,,Hiéroglyphes,Les inscriptions de Séhel,L’inscription montre la généalogie de Néferhotep I,,,h. 66cm ; l. 143cm,Piquetage,,
SEH 163,Inscription rupestre,Séhel,Bibi togog ouest,Moyen Empire,Ânouqet,"Ânouqet, maîtresse de la barque de l’ousekhet ;","Deux ensembles organisés de, la même manière et affrontés. À droite, un homme debout tourné vers la gauche les deux bras le long du corps et vêtu d’un pagne long, précédé de quatre colonnes de texte. À gauche, un homme debout tourné vers la droite, les deux bras le long du corps et vêtu d’un pagne court, précédé de quatre colonnes de texte et suivi d’une colonne de texte.","Auto-présentation (avec/sans filiation), Formule d'offrande, Généalogie/ Filiation",,XIIIe dynastie,,camérier ; contrôleur des travaux ; maitresse de maison ; garde du portique ; grand des dizaines du sud,,Hiéroglyphes,Les inscriptions de Séhel,,,,h. 129cm ; l. 65cm,Piquetage,,
SEH 164,Inscription rupestre,Séhel,Bibi togog ouest,Moyen Empire,,,Deux hommes debout tournés vers la droite.,"Généalogie/ Filiation, Hymne ou adoration",,XIIIe dynastie,,serviteur ; commandant des troupes ; maitresse de maison,,Hiéroglyphes,Les inscriptions de Séhel,"C’est intéressant parce qu’il dit ""adorer sa perfection dwȝ nfrw=s"" sa perfection à elle, comme si elle était présente. Donc, le fait de graver sur la roche dans le domaine sacré serait-il comme si elle était déjà là présente ?",,,h. 115cm ; l. 87cm,Piquetage,,
SEH 165,Inscription rupestre,Séhel,Bibi togog ouest,Moyen Empire,,,,"Auto-présentation (avec/sans filiation), Généalogie/ Filiation, Signature",,XIIIe dynastie,,Camérier ; commandant des troupes ; maitresse de maison,,Hiéroglyphes,Les inscriptions de Séhel,,,,h. 67cm ; l. 63m,Piquetage,,
SEH 166,Inscription rupestre,Séhel,Bibi togog ouest,Moyen Empire,,,,"Auto-présentation (avec/sans filiation), Signature",,XIIIe dynastie,,camérier ; commandant des troupes ; grand des dizaines du Sud,,Hiéroglyphes,Les inscriptions de Séhel,Traces de peinture rouge en dessous du texte.,,,h. 36cm ; l. 22cm,Piquetage,,
SEH 167,Inscription rupestre,Séhel,Bibi togog ouest,Moyen Empire,,,,"Auto-présentation (avec/sans filiation), Signature",,XIIIe dynastie,,grand des dizaines du Sud,,Hiéroglyphes,Les inscriptions de Séhel,,,,h. 61cm ; l. 16cm,Piquetage,,
SEH 168,Inscription rupestre,Séhel,Bibi togog ouest,Moyen Empire,,,,"Auto-présentation (avec/sans filiation), Signature",,,,Directeur du service des dessinateurs,,Hiéroglyphes,Les inscriptions de Séhel,,,,h. 10cm ; l. 61cm,Piquetage,,
SEH 169,Inscription rupestre,Séhel,Bibi togog ouest,Moyen Empire,,,,"Auto-présentation (avec/sans filiation), Signature",,,,Directeur du service des dessinateurs,,Hiéroglyphes,Les inscriptions de Séhel,,,,h. 75cm ; l. 13cm,Gravure,,
SEH 170,Inscription rupestre,Séhel,Bibi togog ouest,Moyen Empire,,,,"Formule d'offrande, Généalogie/ Filiation",,,,Directeur du service des dessinateurs,,Hiéroglyphes,Les inscriptions de Séhel,Divinités : Satet,,,h. 75cm ; l. 7cm,Piquetage,,
SEH 171,Inscription rupestre,Séhel,Bibi togog ouest,Moyen Empire,,,,"Auto-présentation (avec/sans filiation), Généalogie/ Filiation",,,,Sculpteur,,Hiéroglyphes,Les inscriptions de Séhel,,,,h. 26cm ; l. 25cm,Piquetage,,
SEH 172,Inscription rupestre,Séhel,Bibi togog ouest,Moyen Empire,,,,"Auto-présentation (avec/sans filiation), Généalogie/ Filiation",,,,Carrier,,Hiéroglyphes,Les inscriptions de Séhel,,,,h. 12cm ; l. 33cm,Piquetage,,
SEH 173,Inscription rupestre,Séhel,Bibi togog ouest,Moyen Empire,,,,"Auto-présentation (avec/sans filiation), Généalogie/ Filiation",,,,Directeur des prospecteurs ; maitresse de maison,,Hiéroglyphes,Les inscriptions de Séhel,,,,h. 45cm ; l. 42cm,Piquetage,,
SEH 174,Inscription rupestre,Séhel,Bibi togog ouest,Moyen Empire,,,,"Auto-présentation (avec/sans filiation), Généalogie/ Filiation",,,,Général,,Hiéroglyphes,Les inscriptions de Séhel,,,,h. 55cm ; l. 23cm,Piquetage,,
SEH 175,Inscription rupestre,Séhel,Bibi togog ouest,Moyen Empire,,,,"Auto-présentation (avec/sans filiation), Généalogie/ Filiation",,,,Général du […],,Hiéroglyphes,Les inscriptions de Séhel,,,,h. 58cm ; l. 7cm,Piquetage,,
SEH 176,Inscription rupestre,Séhel,Bibi togog ouest,Moyen Empire,Ânouqet,"Ânouqet, maitresse de la barque de l’ousekhet","Homme debout tourné vers la gauche, vêtu d’un pagne mi-long et les deux bras levés en geste d’adoration, face à quatre cygnes et une colonne de texte.","Auto-présentation (avec/sans filiation), Formule d'offrande, Généalogie/ Filiation, Hymne ou adoration, Signature",,,,Scribe de l’armée ; scribe ; intendant,,Hiéroglyphes,Les inscriptions de Séhel,Mention à la ville de Séhel,,,h. 90cm ; l. 145cm,Gravure dans le creux,,
SEH 177,Inscription rupestre,Séhel,Bibi togog ouest,Moyen Empire,"Khnoum, Satet, Ânouqet",,,"Auto-présentation (avec/sans filiation), Formule d'offrande, Généalogie/ Filiation, Offrande invocatoire",,,,commandant de régiment urbain,,Hiéroglyphes,Les inscriptions de Séhel,Mention à la ville d’Éléphantine,,,h. 36cm ; l. 40cm,Piquetage,,
SEH 178,Inscription rupestre,Séhel,Bibi togog ouest,Moyen Empire,,,,"Auto-présentation (avec/sans filiation), Généalogie/ Filiation, Signature",,,,Commandant de régiment urbain ; maitresse de maison,,Hiéroglyphes,Les inscriptions de Séhel,,,,h. 42cm ; l. 18cm,Piquetage,,
SEH 179,Inscription rupestre,Séhel,Bibi togog ouest,Moyen Empire,"Khnoum, Satet, Ânouqet",,"À droite, deux colonnes de texte en grands hiéroglyphes. À gauche, un homme debout tourné vers la droite, les bras le long du corps et vêtu d’un pagne mi-long, encadré par une ligne et trois colonnes de texte.","Auto-présentation (avec/sans filiation), Formule d'offrande, Hymne ou adoration, Iconographie, Offrande invocatoire",,,,commissaire de police,,Hiéroglyphes,Les inscriptions de Séhel,,,,h. 130cm ; l. 180cm,piquetage,,
SEH 180,Inscription rupestre,Séhel,Hussein togog,Moyen Empire,,,Un homme debout tourné vers la droite portant un pagne court à devanteau. Les bras le long du corps.,"Auto-présentation (avec/sans filiation), Signature",,,,Commissaire de police d’Amon,,Hiéroglyphes,Les inscriptions de Séhel,Mention à la ville d’Ipet-Sout. Divinité mentionnée : Amon.,,,h. 120cm ; l. 43cm,Relief dans le creux,,
SEH 181,Inscription rupestre,Séhel,Bibi togog ouest,Moyen Empire,,,,"Auto-présentation (avec/sans filiation), Généalogie/ Filiation, Signature",,,,Garde du prince,,Hiéroglyphes,,,,,h. 76cm ; l. 27cm,Piquetage,,
SEH 182,Inscription rupestre,Séhel,Bibi togog ouest,Moyen Empire,,,,"Auto-présentation (avec/sans filiation), Signature",,,,Garde du prince,,Hiéroglyphes,,,,,h. 30cm ; l. 30cm,Piquetage,,
SEH 183,Inscription rupestre,Séhel,Bibi togog ouest,Moyen Empire,,,,"Auto-présentation (avec/sans filiation), Signature",,,,Garde,,Hiéroglyphes,Les inscriptions de Séhel,,,,h. 11cm ; l. 51cm,Piquetage,,
SEH 184,Inscription rupestre,Séhel,Bibi togog ouest,Moyen Empire,,,,"Auto-présentation (avec/sans filiation), Signature",,,,Garde,,Hiéroglyphes,Les inscriptions de Séhel,,,,h. 37cm ; l. 23cm,Piquetage,,
SEH 185,Inscription rupestre,Séhel,Bibi togog ouest,Moyen Empire,,,,"Auto-présentation (avec/sans filiation), Signature",,,,Garde,,Hiéroglyphes,Les inscriptions de Séhel,,,,h. 25cm ; l. 15cm,Piquetage,,
SEH 186,Inscription rupestre,Séhel,Bibi togog ouest,Moyen Empire,,,,"Auto-présentation (avec/sans filiation), Signature",,,,Garde,,Hiéroglyphes,Les inscriptions de Séhel,,,,h. 54cm ; l. 11cm,Piquetage,,
SEH 187,Inscription rupestre,Séhel,Bibi togog ouest,Moyen Empire,,,"Un homme debout tourné vers la droite, présentant de la main gauche un pain d’offrande et tenant de la main droite une pièce d’étoffe.","Auto-présentation (avec/sans filiation), Généalogie/ Filiation, Iconographie, Signature",,,,Garde,,Hiéroglyphes,Les inscriptions de Séhel,,,,h. 29cm ; l. 39cm,Piquetage,,
SEH 188,Inscription rupestre,Séhel,Bibi togog ouest,Moyen Empire,,,"Un homme debout tourné vers la droite, présentant de la main gauche un pain d’offrande et tenant de la main droite un pain d’étoffe.","Auto-présentation (avec/sans filiation), Généalogie/ Filiation, Iconographie, Signature",,,,Garde,,Hiéroglyphes,Les inscriptions de Séhel,,,,h. 45cm ; l. 40cm,Piquetage,,
SEH 189,Inscription rupestre,Séhel,Bibi togog ouest,Moyen Empire,,,,"Auto-présentation (avec/sans filiation), Signature",,,,Garde,,Hiéroglyphes,Les inscriptions de Séhel,,,,h. 32cm ; l. 15cm,piquetage,,
SEH 190,Inscription rupestre,Séhel,Bibi togog ouest,Moyen Empire,,,,"Auto-présentation (avec/sans filiation), Signature",,,,Garde,,Hiéroglyphes,Les inscriptions de Séhel,,,,h. 46cm ; l. 22cm,Piquetage,,
SEH 191,Inscription rupestre,Séhel,Bibi togog ouest,Moyen Empire,,,,"Auto-présentation (avec/sans filiation), Signature",,,,Garde,,Hiéroglyphes,,,,,h. 45cm ; l. 18cm,Piquetage,,
SEH 192,Inscription rupestre,Séhel,Bibi togog ouest,Moyen Empire,"Satet, Ânouqet",,,"Auto-présentation (avec/sans filiation), Formule d'offrande, Généalogie/ Filiation, Signature",,,,Citadin ; garde du portique ; scribe du conseil,,Hiéroglyphes,,,,,h. 47cm ; l. 77cm,Piquetage,,
SEH 193,Inscription rupestre,Séhel,Bibi togog ouest,Moyen Empire,"Satet, Ânouqet",,,"Auto-présentation (avec/sans filiation), Formule d'offrande, Généalogie/ Filiation, Signature",,XIIIe dynastie,,Citadin,,Hiéroglyphes,Les inscriptions de Séhel,,,,h. 70cm ; l. 65cm,Piquetage,,
SEH 194,Inscription rupestre,Séhel,Bibi togog ouest,Moyen Empire,,,,"Auto-présentation (avec/sans filiation), Signature",,,,Citadin,,Hiéroglyphes,Les inscriptions de Séhel,,,,h. 44cm ; l. 35cm,Piquetage,,
SEH 195,Inscription rupestre,Séhel,Bibi togog ouest,Moyen Empire,,,,"Auto-présentation (avec/sans filiation), Signature",,,,Citadin,,Hiéroglyphes,Les inscriptions de Séhel,,,,h. 34cm ; l. 55cm,Piquetage,,
SEH 196,Inscription rupestre,Séhel,Bibi togog ouest,Moyen Empire,,,,"Auto-présentation (avec/sans filiation), Signature",,,,Citadin,,Hiéroglyphes,Les inscriptions de Séhel,,,,h. 28cm ; l. 20cm,Piquetage,,
SEH 197,Inscription rupestre,Séhel,Bibi togog ouest,Moyen Empire,,,,"Auto-présentation (avec/sans filiation), Signature",,,,Citadin,,Hiéroglyphes,Les inscriptions de Séhel,,,,h. 17cm ; l. 39cm,Piquetage,,
SEH 198,Inscription rupestre,Séhel,Bibi togog ouest,Moyen Empire,,,"Un homme debout tourné vers la droite, vêtu d’un pagne court et bras le long du corps.","Auto-présentation (avec/sans filiation), Généalogie/ Filiation, Iconographie, Signature",,,,Citadin,,Hiéroglyphes,Les inscriptions de Séhel,,,,h. 40cm ; l. 20cm,Piquetage,,
SEH 199,Inscription rupestre,Séhel,Bibi togog ouest,Moyen Empire,,,Silhouette ébauchée d’un homme tourné vers la gauche.,"Auto-présentation (avec/sans filiation), Généalogie/ Filiation, Iconographie, Signature",,,,Citadin,,Hiéroglyphes,Les inscriptions de Séhel,,,,h. 32cm ; l. 15cm,piquetage,,
SEH 200,Inscription rupestre,Séhel,Bibi togog ouest,Moyen Empire,,,,"Auto-présentation (avec/sans filiation), Généalogie/ Filiation, Signature",,,,Citadin,,Hiéroglyphes,Les inscriptions de Séhel,,,,h. 37cm ; l. 22cm,Piquetage,,
SEH 201,Inscription rupestre,Séhel,Bibi togog ouest,Moyen Empire,"Atoum, Khnoum, Satet, Ânouqet","Atoum, maître d’Héliopolis","Un homme debout tourné vers la gauche, vêtu d’un pagne long et les bras le long du corps.","Auto-présentation (avec/sans filiation), Formule d'offrande, Généalogie/ Filiation, Iconographie, Signature",,XIIIe dynastie,,Prince héréditaire ; prêtre d’Atoum ; échanson-wdpw des âmes d’héliopolis ; Grand des voyants ; père divin ; héraut,,Hiéroglyphes,,Mention à la ville d’Héliopolis,,,h. 59cm ; l. 55cm,Relief dans le creux,,
SEH 202,Inscription rupestre,Séhel,Bibi togog ouest,Moyen Empire,Ânouqet,,,"Auto-présentation (avec/sans filiation), Formule d'offrande, Signature",,,,Chancelier du roi de Basse-Égypte,,Hiéroglyphes,,,,,h. 66cm ; l. 21cm,Piquetage,,
SEH 203,Inscription rupestre,Séhel,Bibi togog ouest,Moyen Empire,,,,"Auto-présentation (avec/sans filiation), Signature",,,,Scribe de la forteresse,,Hiéroglyphes,Les inscriptions de Séhel,,,,h. 46cm ; l. 17cm,Piquetage,,
SEH 204,Inscription rupestre,Séhel,Bibi togog ouest,Moyen Empire,,,"Homme debout tourné vers la droite, bras le long du corps et qui est peut-être antérieur à l’inscription.","Auto-présentation (avec/sans filiation), Généalogie/ Filiation, Iconographie, Signature",,,,Scribe ; maîtresse de maison,,Hiéroglyphes,Les inscriptions de Séhel,,,,h. 22cm ; l. 45cm,Piquetage,,
SEH 205,Inscription rupestre,Séhel,Bibi togog ouest,Moyen Empire,,,"Un homme debout tourné vers la droite, tenant dans la main gauche un bâton de dignitaire est de la main droite une pièce d’étoffe. Il est encadré par sept lignes et deux colonnes de texte. Devant cet ensemble, quatre hommes debout tournés vers la gauche, les deux bras le long du corps. Le personnage central a été modifié au Nouvel Empire.","Auto-présentation (avec/sans filiation), Généalogie/ Filiation, Iconographie, Signature",,,,chancelier du roi de Basse-Égypte ; prêtre lecteur ; directeur de tous les prêtres ; ami unique,,Hiéroglyphes,Les inscriptions de Séhel,,,,h. 68cm ; l. 170cm,Piquetage,,
SEH 206,Inscription rupestre,Séhel,Hussein togog est,Moyen Empire,Satet,,,"Auto-présentation (avec/sans filiation), Signature",,,,Prince ; directeur des prêtres de Satet,,Hiéroglyphes,Les inscriptions de Séhel,,,,h. 52cm ; l. 12cm,Gravure,,
SEH 207,Inscription rupestre,Séhel,Bibi togog ouest,Moyen Empire,"Khnoum, Satet, Ânouqet",,,"Auto-présentation (avec/sans filiation), Formule d'offrande, Généalogie/ Filiation, Signature",,XIIIe dynastie,,Gardien de porte,,Hiéroglyphes,Les inscriptions de Séhel,,,,h. 28cm ; l. 22cm,Peinture rouge,,
SEH 208,Inscription rupestre,Séhel,Bibi togog ouest,Moyen Empire,Ânouqet,,,"Généalogie/ Filiation, Hymne ou adoration, Signature",,,,,,Hiéroglyphes,Les inscriptions de Séhel,L’inscription profite de l’image d’un homme debout tourné vers la droite datant de l’Ancien Empire (SEH 94).,,,h. 77cm ; l. 87cm,Piquetage,,
SEH 209,Inscription rupestre,Séhel,Bibi togog ouest,Moyen Empire,,,Um homme debout tourné vers la droite.,"Auto-présentation (avec/sans filiation), Généalogie/ Filiation, Iconographie, Signature",,,,,,Hiéroglyphes,Les inscriptions de Séhel,,,,h. 22cm ; l. 47cm,piquetage,,
SEH 210,Inscription rupestre,Séhel,Bibi togog ouest,Moyen Empire,,,,"Auto-présentation (avec/sans filiation), Généalogie/ Filiation, Signature",,,,,,Hiéroglyphes,Les inscriptions de Séhel,,,,h. 12cm ; l. 45cm,Piquetage,,
SEH 211,Inscription rupestre,Séhel,Bibi togog ouest,Moyen Empire,,,,"Auto-présentation (avec/sans filiation), Généalogie/ Filiation, Signature",,,,,,Hiéroglyphes,Les inscriptions de Séhel,,,,h. 32cm ; l. 43cm,Piquetage,,
SEH 212,Inscription rupestre,Séhel,Bibi togog ouest,Moyen Empire,,,"Un homme debout tourné vers la droite (crâne rasé, pagne long) et les bras le long du corps.","Auto-présentation (avec/sans filiation), Généalogie/ Filiation, Signature",,,,,,Hiéroglyphes,Les inscriptions de Séhel,,,,h. 59cm ; l. 39cm,Piquetage,,
SEH 213,Inscription rupestre,Séhel,Bibi togog ouest,Moyen Empire,,,,,,,,,,Hiéroglyphes,Les inscriptions de Séhel,Uniquement deux signes ; inscription inachevée,,,h. 8cm ; l. 8cm,Piquetage,,
SEH 214,Inscription rupestre,Séhel,Bibi togog ouest,Moyen Empire,,,,"Auto-présentation (avec/sans filiation), Signature",,,,,,Hiéroglyphes,Les inscriptions de Séhel,,,,h. 6cm ; l. 30cm,Piquetage,,
SEH 215,Inscription rupestre,Séhel,Bibi togog ouest,Moyen Empire,,,,"Auto-présentation (avec/sans filiation), Signature",,,,,,Hiéroglyphes,Les inscriptions de Séhel,,,,"h. 22,5cm ; l. 21,5cm",Piquetage,,
SEH 216,Inscription rupestre,Séhel,Hussein togog est,Moyen Empire,,,,"Auto-présentation (avec/sans filiation), Signature",,,,,,Hiéroglyphes,Les inscriptions de Séhel,Écrit en en écriture cursive,,,h. 19cm ; l. 42cm,Piquetage,,
SEH 217,Inscription rupestre,Séhel,Bibi togog ouest,Moyen Empire,,,,,,,,,,Hiéroglyphes,Les inscriptions de Séhel,Inscription inachevée,,,h. 20cm ; l. 20cm,Piquetage,,
SEH 218,Inscription rupestre,Séhel,Moussein togog,Moyen Empire,,,,"Auto-présentation (avec/sans filiation), Signature",,,,,,Hiéroglyphes,Les inscriptions de Séhel,,,,h. 31cm ; l. 14cm,Piquetage,,
SEH 219,Inscription rupestre,Séhel,Bibi togog ouest,Moyen Empire,,,,"Auto-présentation (avec/sans filiation), Signature",,,,,,Hiéroglyphes,Les inscriptions de Séhel,Écrit en en écriture cursive,,,h. 13cm ; l. 28cm,Piquetage,,
SEH 220,Inscription rupestre,Séhel,Bibi togog ouest,Moyen Empire,,,,"Auto-présentation (avec/sans filiation), Signature",,,,,,Hiéroglyphes,Les inscriptions de Séhel,,,,h. 18cm ; l. 31cm,Piquetage,,
SEH 221,Inscription rupestre,Séhel,Bibi togog ouest,Moyen Empire,,,,"Auto-présentation (avec/sans filiation), Signature",,,,,,Hiéroglyphes,Les inscriptions de Séhel,L’inscription a été gravée au-dessus des personnages debout tenant un bâton de dignitaire datant de l’Ancien Empire.,,,h. 13cm ; l. 26cm,Piquetage,,
SEH 222,Inscription rupestre,Séhel,Bibi togog ouest,Moyen Empire,,,,,,,,,,Hiéroglyphes,Les inscriptions de Séhel,Inscription inachevée,,,h. 8cm ; l. 29cm,Piquetage,,
SEH 223,Inscription rupestre,Séhel,Bibi togog ouest,Moyen Empire,,,,"Auto-présentation (avec/sans filiation), Signature",,,,,,Hiéroglyphes,Les inscriptions de Séhel,,,,h. 12cm ; l. 17cm,Piquetage,,
SEH 224,Inscription rupestre,Séhel,Bibi togog ouest,Moyen Empire,,,,"Auto-présentation (avec/sans filiation), Signature",,,,,,Hiéroglyphes,Les inscriptions de Séhel,,,,"h. 24,5cm ; l. 6,5cm",Piquetage,,
SEH 225,Inscription rupestre,Séhel,Bibi togog ouest,Moyen Empire,Satet,,Deux hommes debout tournés vers la droite. Celui de droite tient dans la main gauche un bâton de d’unitaire et date probablement de l’Ancien Empire.,"Auto-présentation (avec/sans filiation), Formule d'offrande",,,,,,Hiéroglyphes,Les inscriptions de Séhel,,,,h. 7cm ; l. 37cm,Piquetage,,
SEH 226,Inscription rupestre,Séhel,Bibi togog ouest,Moyen Empire,,,"UN homme debout tourné vers la droite , tenant de la main gauche un bâton de dignitaire et de la main droite un sceptre.","Auto-présentation (avec/sans filiation), Iconographie, Signature",,,,,,Hiéroglyphes,Les inscriptions de Séhel,,,,h. 47cm ; l. 30cm,Piquetage,,
SEH 227,Inscription rupestre,Séhel,Bibi togog ouest,Moyen Empire,,,,Signature,,,,,,Hiéroglyphes,Les inscriptions de Séhel,,,,"h. 15cm ; l. 17,5cm",Piquetage,,
SEH 228,Inscription rupestre,Séhel,Ras Séhel,Moyen Empire,,,,"Généalogie/ Filiation, Signature",,,,,,Hiéroglyphes,Les inscriptions de Séhel,,,,"h. 15cm ; l. 17,5cm",Piquetage,,
SEH 229,Inscription rupestre,Séhel,Hussein togog est,Moyen Empire,,,,,,,,,,Hiéroglyphes,Les inscriptions de Séhel,Inscription inachevée,,,h. 10cm ; l. 31cm,Piquetage,,
SEH 230,Inscription rupestre,Séhel,Bibi togog est,Moyen Empire,,,,,,,,,,Hiéroglyphes,Les inscriptions de Séhel,Inscription inachevée ; écrit en écriture cursive,,,h. 15cm ; l. 8cm,Piquetage,,
SEH 231,Inscription rupestre,Séhel,Bibi togog ouest,Moyen Empire,,,,,,,,,,Hiéroglyphes,Les inscriptions de Séhel,Inscription inachevée,,,"h. 20cm ; l. 52,5cm",Piquetage,,
SEH 232,Inscription rupestre,Séhel,Bibi togog ouest,Moyen Empire,,,,"Auto-présentation (avec/sans filiation), Généalogie/ Filiation, Signature",,XIIIe dynastie,,,,Hiéroglyphes,Les inscriptions de Séhel,,,,h. 23cm ; l. 44cm,Gravure,,
SEH 233,Inscription rupestre,Séhel,Bibi togog est,Nouvel Empire,Rê,,,"Date, Décret, Titulature royale",ʿȝ-ḫpr-kȝ-Rʿ (Thoutmosis I),XVIIIe dynastie,,Vice-roi,,Hiéroglyphes,Les inscriptions de Séhel,Répertoire textuel (non normalisé) : Narration royale,,,h. 169cm ; l. 123cm,Relief dans le creux,,
SEH 234,Inscription rupestre,Séhel,Bibi togog est,Moyen Empire,,,,"Date, Discours royale, Décret, Texte commémoratif, Titulature royale",ȝ-ḫpr-kȝ-Rʿ (Thoutmosis I),XVIIIe dynastie,,Vice-roi,,Hiéroglyphes,Les inscriptions de Séhel,,,,h. 88cm ; l. 82cm,relief dans le creux,,
SEH 235,Inscription rupestre,Séhel,Hussein togog,Moyen Empire,,,"Deux personnages debout tournés vers la gauche, le bras le long du corps. Un homme coiffé avec une perruque longue, pagne court suivi d’une femme portant aussi une perruque longue et une robe longue moulante.","Auto-présentation (avec/sans filiation), Formule d'offrande, Iconographie",,XVIIIe dynastie,,prêtre-ouâb ; directeur des prêtres,,Hiéroglyphes,Les inscriptions de Séhel,,,,h. 30cm ; l. 42cm,Piquetage,,
Socle SA 779,Socle,Gebel Zeit,"site 1, soubassement du sanctuaire",DPi,Maât,"Maât, fille de Rê",,,,XVIIe - XVIIIe dynastie,,,,,Gebel Zeit II - Le matériel inscrit,"L’objet appartenait à une femme, Henoutsen, mère royale. Dans le socle il y avait probablement une statue de Maât ou la mère royale.",,,,,,
Stèle GZ 1,Stèle,Gebel Zeit,"site 1, surface",Moyen Empire,"Horus, Maât, Rê","Horus, celui qui a élargi le Double-Pays ; Maât fille de Rê","Stèle divisée en deux registres. Le registre inférieur consacré à une inscriptions de deux lignes horizontales. le registre supérieur, dont il ne reste plus que la partie gauche, montre un roi tourné vers la droite vêtu d’un pagne court empesé à devanteau d’orfèvrerie et orné d’une d’une queue cérémonielle. Le roi, le bras gauche le long du corps, tient de sa main le signe ankh. Face à lui se tenait une divinité anthropomorphe tourné vers la gauche dont seuls les pieds sont encore présents, ainsi que la hampe d’un sceptre. ","Iconographie, Prière, Texte commémoratif, Titulature royale",Sḥtp-jb-Rʿ (Séhétépibrê),XIIIe dynastie,,,,Hiéroglyphes,Gebel Zeit II - Le matériel inscrit,,Basalte noir,Fragment correspondant à la partie inférieure de la stèle.,"(conservée) h. 9,5cm ; l. 6,9m ; ép. 2,2cm",Inscription gravée,,
Stèle GZ 61,Stèle,Gebel Zeit,"site 1, surface","Incertaine, Nouvel Empire",Hathor,,"Surface délimitée par une liseré, est composée d’un bandeau d’inscription surmonté de la scène suivante : Un roi (tourné vers la gauche) vêtu d’un pagne triangulaire à ceinture et à devanteau double uraeus, orné de la queue cérémonielle, il présente deux vases nou à une déesse anthropomorphe (tournée vers la droite) vêtue d’une longue robe fourreau. Les ras reposant le long u corps, elle tient de la main gauche un sceptre ouadj et un signe Ankh de la main droite. Très probablement Hathor.","Formule d'offrande, Iconographie, Prière",,,,,,Hiéroglyphes,Gebel Zeit II - Le matériel inscrit,,Calcaire,Stèle fragmentaire ; la partie supérieure manque et elle est fortement érodée sur le côté droit.,"h. 14,5 cm ; l. 14 cm ; ép. 6 cm",Inscription gravée,,
Stèle SA 49 (JE 98124),Stèle,Gebel Zeit,"site 1, niveau antérieur au sanctuaire",Moyen Empire,,,"  • Face 1 : le roi tourné vers la gauche coiffé de la coiffure khat ornée d’un uraeus, présente un vase probablement à onguent. 
  • Face 2 : Le roi tourné vers la gauche présente un vase (à aiguière ?) à une divinité masculine anthropomorphe trouné vers la droite, barbue, vêtue d’un costume à bretelles et tenant un sceptre ouas. ",Iconographie,Ny-mȝʿ.t-Rʿ (Amenemhat III),XIIe dynastie,,,,Hiéroglyphes,Gebel Zeit II - Le matériel inscrit,,Faience bleue,Fragment de la partie supérieure. Peinture et glaçures fondues en plusieurs endroits sur la face 2 (représentant la divinité),H. 8 cm (conservée) ; l. 11 cm ; ép. 3 cm,Stèle probablement cintrée. Traits noirs sur fond bleu. Inscription recto verso,Probablement cintrée,
Stèle SA 156,Stèle,Gebel Zeit,"site 1, niveau antérieur au sanctuaire",Moyen Empire,,,Extrémité de l’aille du disque solaire sous laquelle se trouve un signe ankh.,Iconographie,,XIIe ou XIIIe dynastie ?,,,,Hiéroglyphes,Gebel Zeit II - Le matériel inscrit,,Faience bleue,Minuscule fragment de la partie supérieure (cintre).,"(conservée) h. 3cm ; . 3,5cm ; ép. 1,3cm","Stèle cintrée. Verso émaillé. Traits noirs sur fond bleu. ",,
Stèle SA 240,Stèle,Gebel Zeit,"site 1, niveau antérieur au sanctuaire",Moyen Empire,,,"  • Faces 1 et 2 : pied et queue cérémonielle d’un personnage en stature debout, tourné vers la gauche ; il peut s’agir également  d’un personnage féminin agenouillé.",Iconographie,,fin XIIe - XIIIe dynastie ?,ḫȝs.wt (contrées désertiques),,,Hiéroglyphes,Gebel Zeit II - Le matériel inscrit,,Faience bleue,Fragment correspondant à l’angle inférieur de la stèle. Décor assez effacé.,"(conservée) h. 7,5 cm ; l. 9,5 cm ; ép. 2,7 cm",Traits noirs sur fond bleu. Inscription recto verso.,,
Stèle SA 305,Stèle,Gebel Zeit,"site 1, niveau antérieur au sanctuaire","DPi, Incertaine, Moyen Empire",,,"  • Face 1 : Tronc et bras gauche d’une divinité masculine tourné vers la droite vêtue d’un costume orné de bandes horizontales contrastantes. une inscription s’ajoute devant lui.
  • Face 2 : un personnage tourné vers la gauche avec un bras fléchi. le reste d’une colonne de texte s’ajoute devant lui. ",Iconographie,,,,,,,Gebel Zeit II - Le matériel inscrit,,Faience bleue,Fragment de la partie médiane de la stèle. Décor assez effacé.,"(conservée) h. 7,5 cm ; l. 5,5 cm ; ép. 3,5 cm",Stèle cintrée. Traits noirs sur fond bleu. Inscription recto verso.,,
Stèle SA 312,Stèle,Gebel Zeit,"site 2, enclos 398","DPi, Incertaine",,,,"Auto-présentation (avec/sans filiation), Signature",,XIIIe - début XVIe dynastie,,Maîtresse de maison,,Hiéroglyphes,Gebel Zeit II - Le matériel inscrit,"C’est la stèle d’une femme, toute seule !",Grès,bonne ; éclat dans la partie inférieure.,"h. 18,3cm ; l. 14cm ; ép. 11,1cm",inscription incisée.,,
Stèle SA 383,Stèle,Gebel Zeit,"site 2, enclos 380","DPi, Incertaine",,,,"Auto-présentation (avec/sans filiation), Signature",,XIIIe - début XVIe dynastie,,Connu du roi,,Hiéroglyphes,Gebel Zeit II - Le matériel inscrit,,Grès,Inscription en partie effacée et difficilement lisible. Verso de la stèle aujourd’hui illisible.,"h. 34cm ; l. 23cm ; ép. 9,7cm",inscription incisée.,,
Stèle SA 384,Stèle,Gebel Zeit,"site 2, enclos 380","DPi, Incertaine",,,,"Auto-présentation (avec/sans filiation), Signature",,XIIIe - début XVIe dynastie,,Connu du roi,,Hiéroglyphes,Gebel Zeit II - Le matériel inscrit,,Grès,"Assez mauvaise, partie droite manquante.","h. 34cm ; l. 24cm ; ép. 9,5cm",inscription incisée.,,
Stèle SA 421,Stèle,Gebel Zeit,"site 1, sanctuaire","Incertaine, Nouvel Empire",Hathor,,"Probablement un souverain tourné vers la droite et coiffé d’une couronne difficilement identifiable (mais probablement une couronne pschent) et vêtu d’un pagne empesé, avec le bras droit le long du corps et le gauche fléchi, faisant peut-être une offrande. Il ne touche pas le sol. Il est représenté au milieu de deux divines en taille héroïque. Derrière lui une déesse féminine (probablement Hathor dans sa forme anthropomorphe) tournée vers la droite vêtue d’une longue robe-fourreau, avec le bras droit le long du corps et le gauche fléchi.",Iconographie,,,,,,,Gebel Zeit II - Le matériel inscrit,,Calcaire,Fragment de la partie médiane. Traces de peinture rouge et noire..,"h. 9,7cm ; l. 10,5cm ; ép. 2,8cm",figures gravées,,
Stèle SA 486,Stèle,Gebel Zeit,"site 1, sanctuaire",Incertaine,,,,"Auto-présentation (avec/sans filiation), Formule d'offrande",,,,Chancelier du roi ; ami unique,,Hiéroglyphes,Gebel Zeit II - Le matériel inscrit,,Calcaire,Fragment de la partie inférieure. Très mal conservé.,"h. 9cm ; l. 19,5cm ; ép. 7,5cm",signes gravés,,
Stèle SA 546,Stèle,Gebel Zeit,"site 1, sanctuaire","DPi, Incertaine, Moyen Empire",,,"Disque solaire ailé sous lequel semble avoir subsisté la coiffure hathorique. ",Iconographie,,fin XIIe - XVIe dynastie ?,"  ",,,,Gebel Zeit II - Le matériel inscrit,,Faience bleue,fragment du cintre.,"h. 4,7cm ; l. 4,7cm ; 1,5cm",Figure en relief dans le creux et peintes en noire. Verso non décoré,,
Stèle SA 547,Stèle,Gebel Zeit,"site 1, niveau antérieur au sanctuaire","Incertaine, Moyen Empire",,,"Cintre de la stèle figurant un anneau chen encadré de deux yeux oudjat. Quelques traits non identifiables dans la partie inférieure du cintre. ",Iconographie,,fin XIIe - XIIIe dynastie ?,,,,Hiéroglyphes,Gebel Zeit II - Le matériel inscrit,,Faience bleue,Fragment correspondant à l’angle inférieur de la stèle.,"Fragments de base : h. 3,7 cm ; l. 4 cm ; ép. 1,3 cm ; fragment de cintre conservé : h. 3 cm ; l. 5 cm ; ép. 1,3 cm","Signes en relief dans le creux et peints en noir sur fond bleu. Tranche émaillée. Verso non émaillée. Inscription seulement au recto ; surface recto « grumeleuse », non lisse.",Stèle cintrée,
Stèle SA 549,Stèle,Gebel Zeit,"site 1, dépôt du sanctuaire",DPi,"Hathor, Min",,"Un personnage trouné vers la droite, les bras le long du corps, avance vers un naos où il se trouve face à un dieu momiforme, Min, tourné également vers la droite et une face à une déesse, Hathor, tournée vers la gauche, en sa forme anthropomorphe, tenant un sceptre. ",Iconographie,Nb-ḫpr-Rʿ Jntf (Nebkhéperrê Antef),XVIIe dynastie,,,,Hiéroglyphes,Gebel Zeit II - Le matériel inscrit,,Calcaire,Moitié inférieure.,"h. 29cm ; l. 26,5cm ; 4,5cm",Stèle gravée.,,
Stèle SA 550,Stèle,Gebel Zeit,site 1,Moyen Empire,Min,"  • Min de Coptos ; Celui de Béhédet ; Le grand dieu ; Seigneur du ciel ; Seigneur de Mésen","À droite le dieu Min tourné vers la gauche se tient devant la chapelle sénet. Face à lui le roi, tourné vers la droite, portant une couronne composée d’un mortier fiché de deux hautes plumes, présentant de la main gauche un pot à onguent et de la main droite un signe ankh. Entre le roi et Min se trouve une table chargée d’offrandes.","Iconographie, Texte commémoratif, Titulature royale",Ny-mȝʿ.t-Rʿ (Amenemhat III),XIIe dynastie,,,Active,Hiéroglyphes,Gebel Zeit II - Le matériel inscrit,,Calcaire fin,"complète en deux morceaux, décor très effacé, partie inférieure presque illisible","H. 44cm, l. 22cm, é. 9cm",décor et texte au trait rouge,stèle cintrée,
Stèle SA 551,Stèle,Gebel Zeit,"site 1, dépôt du sanctuaire","Incertaine, Nouvel Empire",,,"Un personnage masculin debout tourné vers la gauche se tient face à une divinité féminine tournée vers la droite (probablement Hathor), tenant de sa main droite un signe ankh. ",Iconographie,,XVIIIe dynastie,,,,,Gebel Zeit II - Le matériel inscrit,,Calcaire,Fragment correspondant à la moitié inférieure de la stèle.,"h. 11,5cm ; l. 14cm ; ép. 2,4cm",figures et signes en relief dans le creux. Traces de peinture rouge (jambes) et noire (signes).,,
Stèle SA 552,Stèle,Gebel Zeit,"site 1, dépôt du sanctuaire","DPi, Incertaine, Nouvel Empire",Hathor,"Hathor, maîtresse des contrées désertiques","un personnage masculin tourné vers la droite présentant de sa main droite une volaille par les ailes et de gauche un pain triangulaire à Hathor. la déesse, tournée vers la gauche se tient face à lui, surélevée par un socle. Au bord de ce dernier, entre les deux personnages, se trouve une table où sont posés un pain et deux vases-nemset (?).",Iconographie,,XIIIe - XVIIIe dynastie ?,ḫȝs.[wt] (contrées désertiques),,,Hiéroglyphes,Gebel Zeit II - Le matériel inscrit,,Calcite,Presque complète (deux fragments). Mauvaise conservation générale. Très friable. L’inscription de la partie supérieure est en partie masquée par un dépôt granuleux sur la surface du fragment correspondant à la partie supérieure de la stèle. La forme grossière et le matériau de la stèle indiquent qu’elle a été réalisée directement sur le site.,h. 34cm ; l. 20cm ; 8cm,"Stèle cintrée, gravée de manière fruste. Traces de peinture rouge pour les hiéroglyphes du fragment de la partie supérieure.",,
Stèle SA 553,Stèle,Gebel Zeit,"site 1, dépôt du sanctuaire",DPi,"Hathor, Horus",,"Le dieu Horus tourné vers la gauche, coiffé d’un couronne composé d’un mortier orné d’un disque solaire où sont fichées deux hautes plumes à sept doubles divisions lunulaires. il tient de sa main gauche, un sceptre (ouas). Il est face à la déesse Hathor, tournée vers la gauche et parée de la coiffure hathorique. Elle respire une fleur de lotus qu’elle tient de la main droite, de la main gaiche elle tient un sgine ankh. un bandeau supérieure et un lisière déimitent la scène.",Iconographie,,XVIIe - XVIIIe dynastie,,,,,Gebel Zeit II - Le matériel inscrit,,Calcaire,Fragment de la partie centrale.,"h. 17cm ; l. 15cm ; ép. 3,8cm",Stèle gravée. Traces de peinture noire au niveau du bandeau d’Hathor et du sceptre ouas.,,
Stèle SA 554,Stèle,Gebel Zeit,"site 1, sanctuaire",Incertaine,Hathor,Maîtresse des contrées désertiques,"Hathor tournée vers la gauche sous son aspect anthropomorphe, vêtue d’une longue robe-fourreau et portant une couronne composée d’un disque solaire cerné de deux cornes et orné d’un uraeus.","Iconographie, Prière",,,ḫȝs.wt - contrées désertiques,,,Hiéroglyphes,Gebel Zeit II - Le matériel inscrit,"L’inscription, bien que relative à Hathor, n’est pas orientée dans le même sens que la déesse.",Calcaire,Fragment de l’extrémité gauche de la partie médiane.,"h. 12,6cm ; l. 6,9cm ; ép. 2,2cm",Figures et hiéroglyphes en relief dans le creux.,,
Stèle SA 555,Stèle,Gebel Zeit,"site 1, sanctuaire",Incertaine,"Maât, Rê",Celui de Béhédet ; le grand dieu,,Titulature royale,,,,,,Hiéroglyphes,Gebel Zeit II - Le matériel inscrit,,Calcite,Fragment de la partie supérieure de la stèle..,"h. 7,6cm ; l. 10,8cm ; ép. 2,2cm",Stèle cintrée. Signes gravés.,,
Stèle SA 557 (JE 981237) + SA 556,Stèle,Gebel Zeit,"site 1, dépôt du sanctuaire",Moyen Empire,"Horus, Ptah","  • Horus, celui de Béhédet ; Seigneur des contrées désertiques ;
  • Ptah, celui qui est au sud de son mur ; Seigneur de Maât","  • Face 1    
      ◦ Cintre avec un disque solaire aillé. 
      ◦ Le roi tourné vers la gauche porte une coiffure sans retombée de pans latéraux (courante à partie de la seconde moitié de la XIIe dynastie), orné d’un uraeus et vêtu d’un pagne à devanteau d’orfèvrerie (double uraeus). Il présente un vase au dieu Ptah, tourné vers la droite, qui se trouve dans un naos et tient un sceptre ouas. 
  • Face 2
      ◦ Cintre avec un disque solaire aillé.
      ◦ Le roi tourné vers la gauche porte une coiffure sans retombée de pans latéraux orné d’un uraeus et présente un vase à Horus qui, tourné vers la droite, porte un pagne court orné des bandes horizontales contrastantes, tenant un sceptre ouas dans sa main gauche et un signe ankh de sa main droite. Les bras le long du corps. ","Iconographie, Titulature royale",Nb-nnw Smn-kȝ-Rʿ (Nebnénou Sémenkarê),XIIIe dynastie,ḫȝs.wt - contrées désertiques,,,Hiéroglyphes,Gebel Zeit II - Le matériel inscrit,,Faience bleue,"Deux fragments de la partie supérieure (raccordés) (SA 557), un fragment de la partie médiane (SA 556)","Fragments 1 et 2 raccordés : H. 12,5 cm (conservée) ; l. 19,5 cm ; ép. 3,6 cm ; fragment 3 : h. 8 cm ; l. 7 cm ; ép. 3,3 cm",Stèle cintrée. Traits noirs sur fond bleu.,Cintrée,
Stèle SA 559,Stèle,Gebel Zeit,"site 1, dépôt du sanctuaire",DPi,"Hathor, Horus","  • Horus celui de Béhédet ; Seigneur des contrées désertiques ; 
  • Hathor maîtresse de la galène","  • Sur le cintre un disque solaire ailé.
  • Au centre nous avons le roi tourné vers la droite coiffé du pschent. à gauche la déesse Hathor également tourné vers la droite tenant le roi par l’épaule. À droite dans le cadre, Horus, tourné vers la gauche, coiffé du disque solaire dans lequel sont fichés deux hautes plumes à division lunulaires. Il présente de la main droite le signe ankh à hauteur du visage, de même qu’un sceptre ouas (apparement) en position oblique de la main gauche.  ",Iconographie,Swsr-n-Rʿ Bbj-ʿnḫ (Séouserenrê Bébiânkh),XVIe dynastie,ḫȝs.wt (contrées désertiques),,,Hiéroglyphes,Gebel Zeit II - Le matériel inscrit,,Calcaire,"Presque complète, en deux morceaux ; base manquante.","h. 33,5 cm ; l. 620 cm ; ép. 5 cm","Stèle cintrée. Figures en bas-relief, hiéroglyphes gravés. Personnages et vêtements en rouge, bleu et blanc sur un fond bleu.",,
Stèle SA 741,Stèle,Gebel Zeit,"site 1, soubassement du sanctuaire",Incertaine,,,Possiblement une représentation du roi tourné vers la droite et une divinité (Hathor ?) enlacés (?).,Iconographie,,,,,,,Gebel Zeit II - Le matériel inscrit,,Calcaire,Fragment correspondant à un morceau de la partie inférieure. .,"h. 4,5cm ; l. 4,8cm ; ép. 0,7cm",figures incisées,,
Stèle SA 794,Stèle,Gebel Zeit,"site 1, soubassement du sanctuaire",DPi,"Hathor, Min",,"Une table offrande chargée de victuailles est représentée au milieu de la stèle. Hathor se tient du côté droit de la table, debout et tournée vers la gauche, tenant un sceptre. De l’autre côté le dieu Min momiforme, surélevé par un object rectangulaire et tourné vers la droite. Derrière lui, le jardin portatif du dieu avec ses laitues. ",Iconographie,,XVIIe - XVIIIe dynastie,,,,,Gebel Zeit II - Le matériel inscrit,,Calcite,Fragment correspondant à la base.,"h. 7,7cm ; l. 14cm ; ép. 3cm",Stèle gravée.,,
Stèle SA 800,Stèle,Gebel Zeit,"site 2, enclos 398",DPi,Hathor,,,"Auto-présentation (avec/sans filiation), Signature",Sbk-ḥtp (Sobekhotep),XIIIe - début XVIe dynastie,,Contrôleur des sa-per,,Hiéroglyphes,Gebel Zeit II - Le matériel inscrit,,Grès,bonne ; stèle entière.,"h. 29,2cm ; l. 14,8cm ; ép. 12,2cm",inscription incisée.,,
Stèle SA 830,Stèle,Gebel Zeit,"site 1, soubassement du sanctuaire","DPi, Incertaine, Moyen Empire",,,"Un personnage féminin tourné vers la gauche respirant une fleur de lotus qu’il tient de sa main droite. ",Iconographie,,XIIe - XVIe dynastie ?,,,,,Gebel Zeit II - Le matériel inscrit,,Faience bleue,fragment de l’extrémité de la partie médiane. Moitié supérieure droite du cintre.,"(conservée) h. 3,4cm ; l. 4,5cm ; ép. 1,5cm","Figures en relief dans le creux et peintes en noire sur fond bleu. Recto : face plate, émail empâté pour la coiffure de la déesse. Verso : non décoré mais émaillé. Tranche : émaillé, semble présenter une bordure noire. ",,
,,,,,,,,,,,,,,,,,,,,,,